-- Sample data for Company table
INSERT INTO Company (Company_ID, Name, Address, Contact_Number, CEO, Revenue_in_Crores, Number_of_Employees)
VALUES
    (1, 'ABC Corporation', '123 Main St, City A', '123-456-7890', 'John Doe', 100.50, 500),
    (2, 'XYZ Enterprises', '456 Elm St, City B', '987-654-3210', 'Jane Smith', 75.25, 300),
    (3, 'EFG Industries', '789 Oak St, City C', '555-123-4567', 'Michael Johnson', 150.75, 800),
    (4, 'LMN Corporation', '321 Pine St, City D', '333-555-7777', 'Emily Davis', 200.00, 1000),
    (5, 'PQR Limited', '555 Cedar St, City E', '111-222-3333', 'Robert Brown', 50.20, 200),
    (6, 'STU Group', '999 Maple St, City F', '444-666-8888', 'Jessica Wilson', 80.60, 400),
    (7, 'VWX Industries', '777 Birch St, City G', '222-999-4444', 'David Martinez', 300.00, 1200),
    (8, 'GHI Enterprises', '888 Walnut St, City H', '777-333-1111', 'Sarah Adams', 120.30, 600),
    (9, 'JKL Corporation', '222 Oak St, City I', '666-888-5555', 'Christopher Lee', 180.25, 700),
    (10, 'RST Limited', '444 Pine St, City J', '888-111-6666', 'Amanda Clark', 90.75, 450);

-- Sample data for Landlord table
INSERT INTO Landlord (Landlord_ID, Name, Contact_Information, Bank_Account, Tax_ID)
VALUES
    (1, 'Smith Properties', '123-456-7890', '123456789', '123-45-6789'),
    (2, 'Johnson Real Estate', '987-654-3210', '987654321', '987-65-4321'),
    (3, 'Anderson Investments', '555-123-4567', '555123456', '555-12-3456'),
    (4, 'Brown Holdings', '333-555-7777', '333555777', '333-55-7777'),
    (5, 'Wilson Enterprises', '111-222-3333', '111222333', '111-22-3333'),
    (6, 'Martinez Properties', '444-666-8888', '444666888', '444-66-8888'),
    (7, 'Adams Real Estate', '222-999-4444', '222999444', '222-99-4444'),
    (8, 'Lee Holdings', '777-333-1111', '777333111', '777-33-1111'),
    (9, 'Clark Investments', '666-888-5555', '666888555', '666-88-5555'),
    (10, 'Roberts Properties', '888-111-6666', '888111666', '888-11-6666');

-- Sample data for Employee table
INSERT INTO Employee (Employee_ID, Name, Position, Contact_Information, Salary, Department, Employment_Start_Date, Employment_End_Date, Company_ID)
VALUES
    (1, 'John Smith', 'Manager', '111-222-3333', 80000.00, 'Management', '2020-01-15', NULL, 1),
    (2, 'Jane Doe', 'Engineer', '222-333-4444', 60000.00, 'Engineering', '2020-02-20', NULL, 2),
    (3, 'Michael Johnson', 'HR Manager', '333-444-5555', 70000.00, 'Human Resources', '2019-11-10', NULL, 3),
    (4, 'Emily Brown', 'Accountant', '444-555-6666', 65000.00, 'Finance', '2021-03-05', NULL, 4),
    (5, 'David Martinez', 'Supervisor', '555-666-7777', 75000.00, 'Operations', '2018-09-10', NULL, 5),
    (6, 'Sarah Adams', 'Analyst', '666-777-8888', 55000.00, 'Research', '2022-02-28', NULL, 6),
    (7, 'Christopher Lee', 'Developer', '777-888-9999', 62000.00, 'IT', '2020-08-15', NULL, 7),
    (8, 'Amanda Clark', 'Marketing Specialist', '888-999-0000', 58000.00, 'Marketing', '2019-05-20', NULL, 8),
    (9, 'Robert Roberts', 'Sales Representative', '999-000-1111', 60000.00, 'Sales', '2021-06-10', NULL, 9),
    (10, 'Jessica Wilson', 'Assistant Manager', '123-456-7890', 68000.00, 'Management', '2020-04-25', NULL, 10);

-- Sample data for Contractor table
INSERT INTO Contractor (Contractor_ID, Name, Contact_Information, Specialization, Hourly_Rate)
VALUES
    (1, 'Smith Construction', '111-222-3333', 'Construction', 50.00),
    (2, 'Johnson Plumbing', '222-333-4444', 'Plumbing', 60.00),
    (3, 'Anderson Electrical', '333-444-5555', 'Electrical', 55.00),
    (4, 'Brown Painting', '444-555-6666', 'Painting', 45.00),
    (5, 'Wilson Roofing', '555-666-7777', 'Roofing', 70.00),
    (6, 'Martinez HVAC', '666-777-8888', 'HVAC', 65.00),
    (7, 'Adams Landscaping', '777-888-9999', 'Landscaping', 40.00),
    (8, 'Lee Carpentry', '888-999-0000', 'Carpentry', 55.00),
    (9, 'Clark Security', '999-000-1111', 'Security', 75.00),
    (10, 'Roberts Cleaning', '123-456-7890', 'Cleaning', 35.00);

-- Sample data for Workers table
INSERT INTO Workers (Worker_ID, Name, Contact_Information, Salary, Department, Contractor_ID)
VALUES
    (1, 'John Worker', '111-222-3333', 50000.00, 'Construction', 1),
    (2, 'Jane Worker', '222-333-4444', 48000.00, 'Plumbing', 2),
    (3, 'Michael Worker', '333-444-5555', 55000.00, 'Electrical', 3),
    (4, 'Emily Worker', '444-555-6666', 45000.00, 'Painting', 4),
    (5, 'David Worker', '555-666-7777', 52000.00, 'Roofing', 5),
    (6, 'Sarah Worker', '666-777-8888', 50000.00, 'HVAC', 6),
    (7, 'Christopher Worker', '777-888-9999', 49000.00, 'Landscaping', 7),
    (8, 'Amanda Worker', '888-999-0000', 47000.00, 'Carpentry', 8),
    (9, 'Robert Worker', '999-000-1111', 54000.00, 'Security', 9),
    (10, 'Jessica Worker', '123-456-7890', 46000.00, 'Cleaning', 10);

-- Sample data for MaintenanceRequest table
INSERT INTO MaintenanceRequest (Maintenance_Request_ID, Description, Request_Date, Status, Assigned_Contractor_ID, Completion_Date, Cost)
VALUES
    (1, 'Broken pipe in the kitchen', '2023-05-10', 'In Progress', 2, NULL, 150.00),
    (2, 'Leaky roof in bedroom', '2023-07-20', 'Pending', 5, NULL, NULL),
    (3, 'Electrical outage in office', '2023-09-05', 'Completed', 3, '2023-09-07', 200.00),
    (4, 'Painting required in living room', '2023-10-15', 'In Progress', 4, NULL, 100.00),
    (5, 'HVAC system malfunction', '2023-12-01', 'Pending', 6, NULL, NULL),
    (6, 'Landscaping for backyard', '2024-01-20', 'Completed', 7, '2024-01-25', 300.00),
    (7, 'Carpentry work for deck', '2024-02-10', 'In Progress', 8, NULL, 250.00),
    (8, 'Security system upgrade', '2024-03-05', 'Pending', 9, NULL, NULL),
    (9, 'Deep cleaning required', '2024-04-15', 'Completed', 10, '2024-04-20', 120.00),
    (10, 'Plumbing inspection', '2024-05-20', 'In Progress', 1, NULL, 80.00);

-- Sample data for Property table
INSERT INTO Property (Property_ID, Address, Size, Type, Market_Value, Built_Year, Company_ID, Landlord_ID, Maintenance_Request_ID)
VALUES
    (1, '123 Main St, City A', 2000, 'Commercial', 500000.00, 1990, 1, 1, 1),
    (2, '456 Elm St, City B', 1500, 'Residential', 300000.00, 1985, 2, 2, 2),
    (3, '789 Oak St, City C', 2500, 'Commercial', 700000.00, 2000, 3, 3, 3),
    (4, '321 Pine St, City D', 1800, 'Residential', 400000.00, 1995, 4, 4, 4),
    (5, '555 Cedar St, City E', 2200, 'Commercial', 600000.00, 2005, 5, 5, 5),
    (6, '999 Maple St, City F', 1700, 'Residential', 350000.00, 1980, 6, 6, 6),
    (7, '777 Birch St, City G', 2000, 'Commercial', 550000.00, 1998, 7, 7, 7),
    (8, '888 Walnut St, City H', 1600, 'Residential', 320000.00, 2008, 8, 8, 8),
    (9, '222 Oak St, City I', 2100, 'Commercial', 480000.00, 1993, 9, 9, 9),
    (10, '444 Pine St, City J', 1900, 'Residential', 370000.00, 1987, 10, 10, 10);

-- Sample data for Tenant table
INSERT INTO Tenant (Tenant_ID, Name, Age, Gender, Contact_Information, Employment_Status, Background_Check)
VALUES
    (1, 'John Tenant', 30, 'Male', '111-222-3333', 'Employed', 'Clear'),
    (2, 'Jane Tenant', 25, 'Female', '222-333-4444', 'Student', 'Clear'),
    (3, 'Michael Tenant', 35, 'Male', '333-444-5555', 'Unemployed', 'Clear'),
    (4, 'Emily Tenant', 28, 'Female', '444-555-6666', 'Employed', 'Clear'),
    (5, 'David Tenant', 40, 'Male', '555-666-7777', 'Employed', 'Clear'),
    (6, 'Sarah Tenant', 27, 'Female', '666-777-8888', 'Student', 'Clear'),
    (7, 'Christopher Tenant', 32, 'Male', '777-888-9999', 'Employed', 'Clear'),
    (8, 'Amanda Tenant', 29, 'Female', '888-999-0000', 'Employed', 'Clear'),
    (9, 'Robert Tenant', 33, 'Male', '999-000-1111', 'Employed', 'Clear'),
    (10, 'Jessica Tenant', 26, 'Female', '123-456-7890', 'Student', 'Clear');

-- Sample data for Lease table
INSERT INTO Lease (Lease_ID, Property_ID, Tenant_ID, Lease_Start_Date, Lease_End_Date, Rent_Amount, Payment_History, Lease_Status, Renewal_Terms)
VALUES
    (1, 1, 1, '2023-01-01', '2024-01-01', 2000.00, 'Paid on time', 'Active', 'Renewable yearly'),
    (2, 2, 2, '2023-02-01', '2024-02-01', 1500.00, 'Paid on time', 'Active', 'Renewable yearly'),
    (3, 3, 3, '2023-03-01', '2024-03-01', 2500.00, 'Paid on time', 'Active', 'Renewable yearly'),
    (4, 4, 4, '2023-04-01', '2024-04-01', 1800.00, 'Paid on time', 'Active', 'Renewable yearly'),
    (5, 5, 5, '2023-05-01', '2024-05-01', 2200.00, 'Paid on time', 'Active', 'Renewable yearly'),
    (6, 6, 6, '2023-06-01', '2024-06-01', 1700.00, 'Paid on time', 'Active', 'Renewable yearly'),
    (7, 7, 7, '2023-07-01', '2024-07-01', 2000.00, 'Paid on time', 'Active', 'Renewable yearly'),
    (8, 8, 8, '2023-08-01', '2024-08-01', 1600.00, 'Paid on time', 'Active', 'Renewable yearly'),
    (9, 9, 9, '2023-09-01', '2024-09-01', 2100.00, 'Paid on time', 'Active', 'Renewable yearly'),
    (10, 10, 10, '2023-10-01', '2024-10-01', 1900.00, 'Paid on time', 'Active', 'Renewable yearly');

-- Sample data for Payment table
INSERT INTO Payment (Payment_ID, Lease_ID, Payment_Date, Amount, Payment_Method, Late_Fee)
VALUES
    (1, 1, '2023-01-05', 2000.00, 'Credit Card', NULL),
    (2, 2, '2023-02-05', 1500.00, 'Bank Transfer', NULL),
    (3, 3, '2023-03-05', 2500.00, 'Cash', NULL),
    (4, 4, '2023-04-05', 1800.00, 'Cheque', NULL),
    (5, 5, '2023-05-05', 2200.00, 'Credit Card', NULL),
    (6, 6, '2023-06-05', 1700.00, 'Bank Transfer', NULL),
    (7, 7, '2023-07-05', 2000.00, 'Cash', NULL),
    (8, 8, '2023-08-05', 1600.00, 'Cheque', NULL),
    (9, 9, '2023-09-05', 2100.00, 'Credit Card', NULL),
    (10, 10, '2023-10-05', 1900.00, 'Bank Transfer', NULL);

-- Sample data for Review table
INSERT INTO Review (Review_ID, Tenant_ID, Property_ID, Rating, Comment, Date)
VALUES
    (1, 1, 1, 4, 'Good location, needs better maintenance', '2023-01-15'),
    (2, 2, 2, 5, 'Excellent property, great neighborhood', '2023-02-20'),
    (3, 3, 3, 3, 'Average property, needs improvement', '2023-03-25'),
    (4, 4, 4, 4, 'Nice place to live, friendly neighbors', '2023-04-30'),
    (5, 5, 5, 5, 'Fantastic property, exceeded expectations', '2023-05-05'),
    (6, 6, 6, 4, 'Comfortable living, but could use upgrades', '2023-06-10'),
    (7, 7, 7, 4, 'Satisfactory property, convenient location', '2023-07-15'),
    (8, 8, 8, 5, 'Great amenities, highly recommended', '2023-08-20'),
    (9, 9, 9, 3, 'Decent property, needs better security', '2023-09-25'),
    (10, 10, 10, 4, 'Clean property, responsive management', '2023-10-30');

-- Sample data for InsurancePolicy table
INSERT INTO InsurancePolicy (Policy_ID, Property_ID, Coverage_Amount, Premium, Expiry_Date, Coverage_Type)
VALUES
    (1, 1, 500000.00, 2000.00, '2023-12-31', 'Property'),
    (2, 2, 300000.00, 1500.00, '2023-12-31', 'Property'),
    (3, 3, 700000.00, 2500.00, '2023-12-31', 'Property'),
    (4, 4, 400000.00, 1800.00, '2023-12-31', 'Property'),
    (5, 5, 600000.00, 2200.00, '2023-12-31', 'Property'),
    (6, 6, 350000.00, 1700.00, '2023-12-31', 'Property'),
    (7, 7, 550000.00, 2000.00, '2023-12-31', 'Property'),
    (8, 8, 320000.00, 1600.00, '2023-12-31', 'Property'),
    (9, 9, 480000.00, 2100.00, '2023-12-31', 'Property'),
    (10, 10, 370000.00, 1900.00, '2023-12-31', 'Property');



-- Sample data for Company table (final_table)
INSERT INTO Company (Company_ID, Name, Address, Contact_Number, CEO, Revenue_in_Crores, Number_of_Employees) VALUES
(11, 'CBA Corporation', '234 Oak St, City K', '456-789-0123', 'Jessica Brown', 110.50, 550),
(12, 'ZYX Enterprises', '567 Maple St, City L', '789-012-3456', 'Michael Johnson', 95.25, 350),
(13, 'GFH Industries', '890 Elm St, City M', '234-567-8901', 'Emily Davis', 150.75, 800),
(14, 'NML Corporation', '432 Birch St, City N', '567-890-1234', 'Robert Smith', 200.00, 1000),
(15, 'RPQ Limited', '876 Cedar St, City O', '890-123-4567', 'Jessica Wilson', 50.20, 200);



-- Sample data for Landlord table
INSERT INTO Landlord (Landlord_ID, Name, Contact_Information, Bank_Account, Tax_ID) VALUES
(11, 'Evans Properties', '234-567-8901', '234567890', '234-56-7890'),
(12, 'Hernandez Real Estate', '789-012-3456', '789012345', '789-01-2345'),
(13, 'Garcia Investments', '012-345-6789', '012345678', '012-34-5678'),
(14, 'King Holdings', '567-890-1234', '567890123', '567-89-0123'),
(15, 'Thompson Enterprises', '890-123-4567', '890123456', '890-12-3456'),
(16, 'Diaz Properties', '345-678-9012', '345678901', '345-67-8901'),
(17, 'Perez Real Estate', '678-901-2345', '678901234', '678-90-1234'),
(18, 'Scott Investments', '901-234-5678', '901234567', '901-23-4567'),
(19, 'Turner Holdings', '234-567-8901', '234567890', '234-56-7890'),
(20, 'Wright Properties', '789-012-3456', '789012345', '789-01-2345'),
(21, 'Hall Real Estate', '012-345-6789', '012345678', '012-34-5678'),
(22, 'Mitchell Investments', '567-890-1234', '567890123', '567-89-0123'),
(23, 'Young Holdings', '890-123-4567', '890123456', '890-12-3456'),
(24, 'Lopez Enterprises', '345-678-9012', '345678901', '345-67-8901'),
(25, 'Hill Properties', '678-901-2345', '678901234', '678-90-1234');





INSERT INTO Employee (Employee_ID, Name, Position, Contact_Information, Salary, Department, Employment_Start_Date, Employment_End_Date, Company_ID)
VALUES
    (11, 'Jessica Johnson', 'Engineer', '111-222-3334', 65000.00, 'Engineering', '2020-01-15', NULL, 1),
    (12, 'Michael Smith', 'HR Assistant', '222-333-4445', 50000.00, 'Human Resources', '2020-02-20', NULL, 2),
    (13, 'Emily Taylor', 'Accounting Clerk', '333-444-5556', 48000.00, 'Finance', '2019-11-10', NULL, 3),
    (14, 'David Brown', 'Supervisor', '444-555-6667', 70000.00, 'Operations', '2021-03-05', NULL, 4),
    (15, 'Sarah Miller', 'Data Analyst', '555-666-7778', 62000.00, 'Research', '2018-09-10', NULL, 5),
    (16, 'Christopher Davis', 'Software Developer', '666-777-8889', 72000.00, 'IT', '2022-02-28', NULL, 6),
    (17, 'Amanda White', 'Marketing Manager', '777-888-9990', 70000.00, 'Marketing', '2020-08-15', NULL, 7),
    (18, 'Robert Green', 'Sales Manager', '888-999-0001', 75000.00, 'Sales', '2019-05-20', NULL, 8),
    (19, 'Jessica Wilson', 'Manager', '999-000-1112', 80000.00, 'Management', '2021-06-10', NULL, 9),
    (20, 'John Doe', 'Sales Representative', '123-456-7891', 60000.00, 'Sales', '2020-04-25', NULL, 10),
    (21, 'Jennifer Smith', 'Engineer', '123-456-7892', 65000.00, 'Engineering', '2020-01-15', NULL, 1),
    (22, 'James Johnson', 'HR Manager', '222-333-4446', 70000.00, 'Human Resources', '2020-02-20', NULL, 2),
    (23, 'Emma Taylor', 'Financial Analyst', '333-444-5557', 65000.00, 'Finance', '2019-11-10', NULL, 3),
    (24, 'Daniel Brown', 'Operations Manager', '444-555-6668', 75000.00, 'Operations', '2021-03-05', NULL, 4),
    (25, 'Olivia Miller', 'Research Assistant', '555-666-7779', 55000.00, 'Research', '2018-09-10', NULL, 5),
    (26, 'William Davis', 'Software Engineer', '666-777-8890', 68000.00, 'IT', '2022-02-28', NULL, 6),
    (27, 'Sophia White', 'Marketing Coordinator', '777-888-9991', 52000.00, 'Marketing', '2020-08-15', NULL, 7),
    (28, 'Matthew Green', 'Sales Associate', '888-999-0002', 58000.00, 'Sales', '2019-05-20', NULL, 8),
    (29, 'Isabella Wilson', 'Assistant Manager', '999-000-1113', 62000.00, 'Management', '2021-06-10', NULL, 9),
    (30, 'Ethan Doe', 'Marketing Specialist', '123-456-7893', 57000.00, 'Marketing', '2020-04-25', NULL, 10),
    (31, 'Charlotte Smith', 'Engineer', '123-456-7894', 63000.00, 'Engineering', '2020-01-15', NULL, 1),
    (32, 'Michael Johnson', 'HR Assistant', '222-333-4447', 49000.00, 'Human Resources', '2020-02-20', NULL, 2),
    (33, 'Emma Brown', 'Accounting Clerk', '333-444-5558', 46000.00, 'Finance', '2019-11-10', NULL, 3),
    (34, 'Daniel Miller', 'Supervisor', '444-555-6669', 72000.00, 'Operations', '2021-03-05', NULL, 4),
    (35, 'Olivia Davis', 'Data Analyst', '555-666-7780', 63000.00, 'Research', '2018-09-10', NULL, 5),
    (36, 'William Wilson', 'Software Developer', '666-777-8891', 73000.00, 'IT', '2022-02-28', NULL, 6),
    (37, 'Sophia Clark', 'Marketing Manager', '777-888-9992', 71000.00, 'Marketing', '2020-08-15', NULL, 7),
    (38, 'Matthew Adams', 'Sales Manager', '888-999-0003', 76000.00, 'Sales', '2019-05-20', NULL, 8),
    (39, 'Isabella Lee', 'Manager', '999-000-1114', 82000.00, 'Management', '2021-06-10', NULL, 9),
    (40, 'Ethan Martinez', 'Sales Representative', '123-456-7895', 62000.00, 'Sales', '2020-04-25', NULL, 10),
    (41, 'Charlotte Brown', 'Engineer', '123-456-7896', 64000.00, 'Engineering', '2020-01-15', NULL, 1),
    (42, 'Michael Taylor', 'HR Manager', '222-333-4448', 69000.00, 'Human Resources', '2020-02-20', NULL, 2),
    (43, 'Emma Johnson', 'Financial Analyst', '333-444-5559', 66000.00, 'Finance', '2019-11-10', NULL, 3),
    (44, 'Daniel Taylor', 'Operations Manager', '444-555-6670', 74000.00, 'Operations', '2021-03-05', NULL, 4),
    (45, 'Oliver Brown', 'Research Assistant', '555-666-7781', 57000.00, 'Research', '2018-09-10', NULL, 5),
    (46, 'William White', 'Software Engineer', '666-777-8892', 71000.00, 'IT', '2022-02-28', NULL, 6),
    (47, 'Sophia Davis', 'Marketing Coordinator', '777-888-9993', 54000.00, 'Marketing', '2020-08-15', NULL, 7),
    (48, 'Matthew Green', 'Sales Associate', '888-999-0004', 59000.00, 'Sales', '2019-05-20', NULL, 8),
    (49, 'Isabella Wilson', 'Assistant Manager', '999-000-1115', 63000.00, 'Management', '2021-06-10', NULL, 9),
    (50, 'Ethan Doe', 'Marketing Specialist', '123-456-7897', 60000.00, 'Marketing', '2020-04-25', NULL, 10),
    (51, 'Charlotte Smith', 'Engineer', '123-456-7898', 67000.00, 'Engineering', '2020-01-15', NULL, 1),
    (52, 'Michael Johnson', 'HR Assistant', '222-333-4449', 51000.00, 'Human Resources', '2020-02-20', NULL, 2),
    (53, 'Emma Brown', 'Accounting Clerk', '333-444-5560', 49000.00, 'Finance', '2019-11-10', NULL, 3),
    (54, 'Daniel Miller', 'Supervisor', '444-555-6671', 73000.00, 'Operations', '2021-03-05', NULL, 4),
    (55, 'Olivia Davis', 'Data Analyst', '555-666-7782', 64000.00, 'Research', '2018-09-10', NULL, 5),
    (56, 'William Wilson', 'Software Developer', '666-777-8893', 75000.00, 'IT', '2022-02-28', NULL, 6),
    (57, 'Sophia Clark', 'Marketing Manager', '777-888-9994', 73000.00, 'Marketing', '2020-08-15', NULL, 7),
    (58, 'Matthew Adams', 'Sales Manager', '888-999-0005', 78000.00, 'Sales', '2019-05-20', NULL, 8),
    (59, 'Isabella Lee', 'Manager', '999-000-1116', 84000.00, 'Management', '2021-06-10', NULL, 9),
    (60, 'Ethan Martinez', 'Sales Representative', '123-456-7899', 63000.00, 'Sales', '2020-04-25', NULL, 10),
    (61, 'Charlotte Brown', 'Engineer', '123-456-7800', 65000.00, 'Engineering', '2020-01-15', NULL, 1),
    (62, 'Michael Taylor', 'HR Manager', '222-333-4450', 71000.00, 'Human Resources', '2020-02-20', NULL, 2),
    (63, 'Emma Johnson', 'Financial Analyst', '333-444-5561', 68000.00, 'Finance', '2019-11-10', NULL, 3),
    (64, 'Daniel Taylor', 'Operations Manager', '444-555-6672', 76000.00, 'Operations', '2021-03-05', NULL, 4),
    (65, 'Oliver Brown', 'Research Assistant', '555-666-7783', 58000.00, 'Research', '2018-09-10', NULL, 5),
    (66, 'William White', 'Software Engineer', '666-777-8894', 72000.00, 'IT', '2022-02-28', NULL, 6),
    (67, 'Sophia Davis', 'Marketing Coordinator', '777-888-9995', 55000.00, 'Marketing', '2020-08-15', NULL, 7),
    (68, 'Matthew Green', 'Sales Associate', '888-999-0006', 60000.00, 'Sales', '2019-05-20', NULL, 8),
    (69, 'Isabella Wilson', 'Assistant Manager', '999-000-1117', 64000.00, 'Management', '2021-06-10', NULL, 9),
    (70, 'Ethan Doe', 'Marketing Specialist', '123-456-7900', 61000.00, 'Marketing', '2020-04-25', NULL, 10),
    (71, 'Charlotte Smith', 'Engineer', '123-456-7901', 66000.00, 'Engineering', '2020-01-15', NULL, 1),
    (72, 'Michael Johnson', 'HR Assistant', '222-333-4451', 52000.00, 'Human Resources', '2020-02-20', NULL, 2),
    (73, 'Emma Brown', 'Accounting Clerk', '333-444-5562', 50000.00, 'Finance', '2019-11-10', NULL, 3),
    (74, 'Daniel Miller', 'Supervisor', '444-555-6673', 74000.00, 'Operations', '2021-03-05', NULL, 4),
    (75, 'Olivia Davis', 'Data Analyst', '555-666-7784', 65000.00, 'Research', '2018-09-10', NULL, 5),
    (76, 'William Wilson', 'Software Developer', '666-777-8895', 76000.00, 'IT', '2022-02-28', NULL, 6),
    (77, 'Sophia Clark', 'Marketing Manager', '777-888-9996', 74000.00, 'Marketing', '2020-08-15', NULL, 7),
    (78, 'Matthew Adams', 'Sales Manager', '888-999-0007', 79000.00, 'Sales', '2019-05-20', NULL, 8),
    (79, 'Isabella Lee', 'Manager', '999-000-1118', 85000.00, 'Management', '2021-06-10', NULL, 9),
    (80, 'Ethan Martinez', 'Sales Representative', '123-456-7902', 64000.00, 'Sales', '2020-04-25', NULL, 10),
    (81, 'Charlotte Brown', 'Engineer', '123-456-7903', 67000.00, 'Engineering', '2020-01-15', NULL, 1),
    (82, 'Michael Taylor', 'HR Manager', '222-333-4452', 72000.00, 'Human Resources', '2020-02-20', NULL, 2),
    (83, 'Emma Johnson', 'Financial Analyst', '333-444-5563', 69000.00, 'Finance', '2019-11-10', NULL, 3),
    (84, 'Daniel Taylor', 'Operations Manager', '444-555-6674', 77000.00, 'Operations', '2021-03-05', NULL, 4),
    (85, 'Oliver Brown', 'Research Assistant', '555-666-7785', 59000.00, 'Research', '2018-09-10', NULL, 5),
    (86, 'William White', 'Software Engineer', '666-777-8896', 73000.00, 'IT', '2022-02-28', NULL, 6),
    (87, 'Sophia Davis', 'Marketing Coordinator', '777-888-9997', 56000.00, 'Marketing', '2020-08-15', NULL, 7),
    (88, 'Matthew Green', 'Sales Associate', '888-999-0008', 61000.00, 'Sales', '2019-05-20', NULL, 8),
    (89, 'Isabella Wilson', 'Assistant Manager', '999-000-1119', 65000.00, 'Management', '2021-06-10', NULL, 9),
    (90, 'Ethan Doe', 'Marketing Specialist', '123-456-7904', 62000.00, 'Marketing', '2020-04-25', NULL, 10),
    (91, 'Aarav Patel', 'Manager', '111-222-3334', 80000.00, 'Management', '2020-01-15', NULL, 1),
    (92, 'Aanya Gupta', 'Engineer', '222-333-4445', 60000.00, 'Engineering', '2020-02-20', NULL, 2),
    (93, 'Aadrika Reddy', 'HR Manager', '333-444-5556', 70000.00, 'Human Resources', '2019-11-10', NULL, 3),
    (94, 'Aaditya Kumar', 'Accountant', '444-555-6667', 65000.00, 'Finance', '2021-03-05', NULL, 4),
    (95, 'Aakash Sharma', 'Supervisor', '555-666-7778', 75000.00, 'Operations', '2018-09-10', NULL, 5),
    (96, 'Aarav Singh', 'Analyst', '666-777-8889', 55000.00, 'Research', '2022-02-28', NULL, 6),
    (97, 'Aaradhya Mishra', 'Developer', '777-888-9990', 62000.00, 'IT', '2020-08-15', NULL, 7),
    (98, 'Aarti Sharma', 'Marketing Specialist', '888-999-0001', 58000.00, 'Marketing', '2019-05-20', NULL, 8),
    (99, 'Aashish Verma', 'Sales Representative', '999-000-1112', 60000.00, 'Sales', '2021-06-10', NULL, 9),
    (100, 'Abha Gupta', 'Assistant Manager', '123-456-7891', 68000.00, 'Management', '2020-04-25', NULL, 10),
    (101, 'Abhinav Patel', 'Engineer', '123-456-7892', 67000.00, 'Engineering', '2020-01-15', NULL, 1),
    (102, 'Aditi Choudhury', 'HR Assistant', '222-333-4446', 52000.00, 'Human Resources', '2020-02-20', NULL, 2),
    (103, 'Alok Reddy', 'Accounting Clerk', '333-444-5557', 50000.00, 'Finance', '2019-11-10', NULL, 3),
    (104, 'Anika Singh', 'Supervisor', '444-555-6668', 74000.00, 'Operations', '2021-03-05', NULL, 4),
    (105, 'Avinash Sharma', 'Data Analyst', '555-666-7779', 65000.00, 'Research', '2018-09-10', NULL, 5),
    (106, 'Akash Mishra', 'Software Engineer', '666-777-8890', 72000.00, 'IT', '2022-02-28', NULL, 6),
    (107, 'Ananya Patel', 'Marketing Coordinator', '777-888-9991', 55000.00, 'Marketing', '2020-08-15', NULL, 7),
    (108, 'Aditya Singh', 'Sales Associate', '888-999-0002', 60000.00, 'Sales', '2019-05-20', NULL, 8),
    (109, 'Arjun Verma', 'Manager', '999-000-1113', 84000.00, 'Management', '2021-06-10', NULL, 9),
    (110, 'Anjali Gupta', 'Sales Representative', '123-456-7893', 63000.00, 'Sales', '2020-04-25', NULL, 10),
    (111, 'Ayush Patel', 'Engineer', '123-456-7894', 65000.00, 'Engineering', '2020-01-15', NULL, 1),
    (112, 'Bhavya Choudhury', 'HR Manager', '222-333-4447', 71000.00, 'Human Resources', '2020-02-20', NULL, 2),
    (113, 'Chetan Reddy', 'Financial Analyst', '333-444-5558', 68000.00, 'Finance', '2019-11-10', NULL, 3),
    (114, 'Deepika Singh', 'Operations Manager', '444-555-6669', 76000.00, 'Operations', '2021-03-05', NULL, 4),
    (115, 'Dev Sharma', 'Research Assistant', '555-666-7780', 58000.00, 'Research', '2018-09-10', NULL, 5),
    (116, 'Dhruv Mishra', 'Software Developer', '666-777-8891', 75000.00, 'IT', '2022-02-28', NULL, 6),
    (117, 'Divya Patel', 'Marketing Manager', '777-888-9992', 73000.00, 'Marketing', '2020-08-15', NULL, 7),
    (118, 'Gaurav Singh', 'Sales Manager', '888-999-0003', 78000.00, 'Sales', '2019-05-20', NULL, 8),
    (119, 'Gayatri Verma', 'Assistant Manager', '999-000-1114', 69000.00, 'Management', '2021-06-10', NULL, 9),
    (120, 'Isha Gupta', 'Marketing Specialist', '123-456-7895', 61000.00, 'Marketing', '2020-04-25', NULL, 10),
    (121, 'Kabir Patel', 'Engineer', '123-456-7896', 72000.00, 'Engineering', '2020-01-15', NULL, 1),
    (122, 'Kavya Choudhury', 'HR Assistant', '222-333-4448', 55000.00, 'Human Resources', '2020-02-20', NULL, 2),
    (123, 'Laksh Reddy', 'Accounting Clerk', '333-444-5559', 53000.00, 'Finance', '2019-11-10', NULL, 3),
    (124, 'Mehak Singh', 'Supervisor', '444-555-6670', 77000.00, 'Operations', '2021-03-05', NULL, 4),
    (125, 'Mohit Sharma', 'Data Analyst', '555-666-7781', 67000.00, 'Research', '2018-09-10', NULL, 5),
    (126, 'Manav Mishra', 'Software Engineer', '666-777-8892', 74000.00, 'IT', '2022-02-28', NULL, 6),
    (127, 'Neha Patel', 'Marketing Coordinator', '777-888-9993', 56000.00, 'Marketing', '2020-08-15', NULL, 7),
    (128, 'Naman Singh', 'Sales Associate', '888-999-0004', 59000.00, 'Sales', '2019-05-20', NULL, 8),
    (129, 'Om Verma', 'Manager', '999-000-1115', 82000.00, 'Management', '2021-06-10', NULL, 9),
    (130, 'Prisha Gupta', 'Sales Representative', '123-456-7897', 64000.00, 'Sales', '2020-04-25', NULL, 10),
    (131, 'Parth Patel', 'Engineer', '123-456-7898', 69000.00, 'Engineering', '2020-01-15', NULL, 1),
    (132, 'Riya Choudhury', 'HR Manager', '222-333-4449', 72000.00, 'Human Resources', '2020-02-20', NULL, 2),
    (133, 'Raj Reddy', 'Financial Analyst', '333-444-5560', 66000.00, 'Finance', '2019-11-10', NULL, 3),
    (134, 'Sakshi Singh', 'Operations Manager', '444-555-6671', 75000.00, 'Operations', '2021-03-05', NULL, 4),
    (135, 'Samay Sharma', 'Research Assistant', '555-666-7782', 60000.00, 'Research', '2018-09-10', NULL, 5),
    (136, 'Samar Mishra', 'Software Developer', '666-777-8893', 77000.00, 'IT', '2022-02-28', NULL, 6),
    (137, 'Tanvi Patel', 'Marketing Manager', '777-888-9994', 74000.00, 'Marketing', '2020-08-15', NULL, 7),
    (138, 'Tanay Singh', 'Sales Manager', '888-999-0005', 79000.00, 'Sales', '2019-05-20', NULL, 8),
    (139, 'Trisha Verma', 'Assistant Manager', '999-000-1116', 68000.00, 'Management', '2021-06-10', NULL, 9),
    (140, 'Utkarsh Gupta', 'Marketing Specialist', '123-456-7899', 62000.00, 'Marketing', '2020-04-25', NULL, 10);





INSERT INTO Contractor (Contractor_ID, Name, Contact_Information, Specialization, Hourly_Rate)
VALUES
    (11, 'Patel Engineering', '234-567-8901', 'Engineering', 55.00),
    (12, 'Sharma Landscaping', '345-678-9012', 'Landscaping', 45.00),
    (13, 'Reddy Plumbing', '456-789-0123', 'Plumbing', 60.00),
    (14, 'Gupta Roofing', '567-890-1234', 'Roofing', 70.00),
    (15, 'Kumar Electrical', '678-901-2345', 'Electrical', 50.00),
    (16, 'Singh Carpentry', '789-012-3456', 'Carpentry', 55.00),
    (17, 'Choudhury HVAC', '890-123-4567', 'HVAC', 65.00),
    (18, 'Verma Construction', '901-234-5678', 'Construction', 50.00),
    (19, 'Mishra Painting', '012-345-6789', 'Painting', 45.00),
    (20, 'Gupta Cleaning', '234-567-8900', 'Cleaning', 35.00),
    (21, 'Sinha Security', '345-678-9011', 'Security', 75.00),
    (22, 'Yadav Engineering', '456-789-0122', 'Engineering', 55.00),
    (23, 'Pandey Landscaping', '567-890-1233', 'Landscaping', 45.00),
    (24, 'Rai Plumbing', '678-901-2344', 'Plumbing', 60.00),
    (25, 'Shukla Roofing', '789-012-3455', 'Roofing', 70.00),
    (26, 'Mishra Electrical', '890-123-4566', 'Electrical', 50.00),
    (27, 'Rao Carpentry', '901-234-5677', 'Carpentry', 55.00),
    (28, 'Khan HVAC', '012-345-6788', 'HVAC', 65.00),
    (29, 'Tiwari Construction', '123-456-7899', 'Construction', 50.00),
    (30, 'Agarwal Painting', '234-567-8908', 'Painting', 45.00),
    (31, 'Chauhan Cleaning', '345-678-9017', 'Cleaning', 35.00),
    (32, 'Garg Security', '456-789-0126', 'Security', 75.00),
    (33, 'Verma Engineering', '567-890-1235', 'Engineering', 55.00),
    (34, 'Gupta Landscaping', '678-901-2344', 'Landscaping', 45.00),
    (35, 'Kumar Plumbing', '789-012-3453', 'Plumbing', 60.00),
    (36, 'Sharma Roofing', '890-123-4562', 'Roofing', 70.00),
    (37, 'Singh Electrical', '901-234-5671', 'Electrical', 50.00),
    (38, 'Choudhury Carpentry', '012-345-6780', 'Carpentry', 55.00),
    (39, 'Verma HVAC', '123-456-7897', 'HVAC', 65.00),
    (40, 'Mishra Construction', '234-567-8906', 'Construction', 50.00);




INSERT INTO Workers (Worker_ID, Name, Contact_Information, Salary, Contractor_ID)
VALUES
    (11, 'Rahul Singh', '234-567-8901', 48000.00, 11),
    (12, 'Priya Sharma', '345-678-9012', 49000.00, 12),
    (13, 'Arun Reddy', '456-789-0123', 46000.00, 13),
    (14, 'Anjali Gupta', '567-890-1234', 52000.00, 14),
    (15, 'Raj Kumar', '678-901-2345', 51000.00, 15),
    (16, 'Sunita Singh', '789-012-3456', 47000.00, 16),
    (17, 'Vikas Choudhury', '890-123-4567', 48000.00, 17),
    (18, 'Deepak Verma', '901-234-5678', 49000.00, 18),
    (19, 'Neha Mishra', '012-345-6789', 46000.00, 19),
    (20, 'Suresh Gupta', '234-567-8900', 52000.00, 20),
    (21, 'Pooja Sinha', '345-678-9011', 51000.00, 21),
    (22, 'Ajay Yadav', '456-789-0122', 47000.00, 22),
    (23, 'Rani Pandey', '567-890-1233', 48000.00, 23),
    (24, 'Anil Rai', '678-901-2344', 49000.00, 24),
    (25, 'Meera Shukla', '789-012-3455', 46000.00, 25),
    (26, 'Vishal Mishra', '890-123-4566', 52000.00, 26),
    (27, 'Sapna Rao', '901-234-5677', 51000.00, 27),
    (28, 'Sanjay Khan', '012-345-6788', 47000.00, 28),
    (29, 'Anita Tiwari', '123-456-7899', 48000.00, 29),
    (30, 'Rajesh Agarwal', '234-567-8908', 49000.00, 30),
    (31, 'Asha Chauhan', '345-678-9017', 46000.00, 31),
    (32, 'Manish Garg', '456-789-0126', 52000.00, 32),
    (33, 'Amit Verma', '567-890-1235', 51000.00, 33),
    (34, 'Rajeev Gupta', '678-901-2344', 47000.00, 34),
    (35, 'Geeta Kumar', '789-012-3453', 48000.00, 35),
    (36, 'Sandeep Sharma', '890-123-4562', 49000.00, 36),
    (37, 'Sarita Singh', '901-234-5671', 46000.00, 37),
    (38, 'Pankaj Choudhury', '012-345-6780', 52000.00, 38),
    (39, 'Rohini Verma', '123-456-7897', 51000.00, 39),
    (40, 'Vivek Mishra', '234-567-8906', 47000.00, 40),
    (41, 'Nisha Patel', '345-678-9011', 48000.00, 1),
    (42, 'Deepak Singh', '456-789-0122', 49000.00, 2),
    (43, 'Anjali Mishra', '567-890-1233', 46000.00, 3),
    (44, 'Rahul Verma', '678-901-2344', 52000.00, 4),
    (45, 'Sunita Gupta', '789-012-3455', 51000.00, 5),
    (46, 'Ravi Kumar', '890-123-4566', 47000.00, 6),
    (47, 'Kavita Singh', '901-234-5677', 48000.00, 7),
    (48, 'Anil Choudhury', '012-345-6788', 49000.00, 8),
    (49, 'Pooja Sharma', '123-456-7899', 46000.00, 9),
    (50, 'Alok Verma', '234-567-8908', 52000.00, 10),
    (51, 'Rajesh Kumar', '345-678-9017', 51000.00, 11),
    (52, 'Neha Gupta', '456-789-0126', 47000.00, 12),
    (53, 'Vikas Singh', '567-890-1235', 48000.00, 13),
    (54, 'Sapna Verma', '678-901-2344', 49000.00, 14),
    (55, 'Rajat Mishra', '789-012-3453', 46000.00, 15),
    (56, 'Anjali Sharma', '890-123-4562', 52000.00, 16),
    (57, 'Amit Kumar', '901-234-5671', 51000.00, 17),
    (58, 'Sandeep Singh', '012-345-6780', 47000.00, 18),
    (59, 'Nisha Verma', '123-456-7897', 48000.00, 19),
    (60, 'Deepak Mishra', '234-567-8906', 49000.00, 20),
    (61, 'Anita Patel', '345-678-9011', 46000.00, 21),
    (62, 'Rohit Singh', '456-789-0122', 52000.00, 22),
    (63, 'Priya Mishra', '567-890-1233', 51000.00, 23),
    (64, 'Alok Verma', '678-901-2344', 47000.00, 24),
    (65, 'Ramesh Kumar', '789-012-3455', 48000.00, 25),
    (66, 'Seema Gupta', '890-123-4566', 49000.00, 26),
    (67, 'Ajay Singh', '901-234-5677', 46000.00, 27),
    (68, 'Sonia Choudhury', '012-345-6788', 52000.00, 28),
    (69, 'Kamal Verma', '123-456-7899', 51000.00, 29),
    (70, 'Aarti Mishra', '234-567-8908', 47000.00, 30),
    (71, 'Ashish Patel', '345-678-9017', 48000.00, 31),
    (72, 'Preeti Singh', '456-789-0126', 49000.00, 32),
    (73, 'Manoj Mishra', '567-890-1235', 46000.00, 33),
    (74, 'Ankita Verma', '678-901-2344', 52000.00, 34),
    (75, 'Sunil Gupta', '789-012-3453', 51000.00, 35),
    (76, 'Divya Kumar', '890-123-4562', 47000.00, 36),
    (77, 'Ritu Singh', '901-234-5671', 48000.00, 37),
    (78, 'Arjun Choudhury', '012-345-6780', 49000.00, 38),
    (79, 'Asha Verma', '123-456-7897', 46000.00, 39),
    (80, 'Vikram Mishra', '234-567-8906', 52000.00, 40),
    (81, 'Nidhi Patel', '345-678-9011', 51000.00, 1),
    (82, 'Rajesh Singh', '456-789-0122', 47000.00, 2),
    (83, 'Anuradha Mishra', '567-890-1233', 48000.00, 3),
    (84, 'Amar Verma', '678-901-2344', 49000.00, 4),
    (85, 'Shalini Gupta', '789-012-3455', 46000.00, 5),
    (86, 'Rahul Kumar', '890-123-4566', 52000.00, 6),
    (87, 'Geeta Singh', '901-234-5677', 51000.00, 7),
    (88, 'Vishal Choudhury', '012-345-6788', 47000.00, 8),
    (89, 'Pooja Sharma', '123-456-7899', 48000.00, 9),
    (90, 'Alok Verma', '234-567-8908', 49000.00, 10),
    (91, 'Priya Singh', '345-678-9011', 50000.00, 11),
    (92, 'Amit Sharma', '456-789-0122', 48000.00, 12),
    (93, 'Sneha Mishra', '567-890-1233', 55000.00, 13),
    (94, 'Rahul Verma', '678-901-2344', 45000.00, 14),
    (95, 'Neha Gupta', '789-012-3455', 52000.00, 15),
    (96, 'Rajesh Kumar', '890-123-4566', 50000.00, 16),
    (97, 'Aarti Singh', '901-234-5677', 49000.00, 17),
    (98, 'Vikas Choudhury', '012-345-6788', 54000.00, 18),
    (99, 'Pooja Verma', '123-456-7899', 46000.00, 19),
    (100, 'Sachin Mishra', '234-567-8908', 47000.00, 20),
    (101, 'Rajat Singh', '345-678-9017', 54000.00, 21),
    (102, 'Anjali Sharma', '456-789-0126', 52000.00, 22),
    (103, 'Alok Kumar', '567-890-1235', 51000.00, 23),
    (104, 'Suman Verma', '678-901-2344', 47000.00, 24),
    (105, 'Gaurav Gupta', '789-012-3453', 48000.00, 25),
    (106, 'Komal Kumar', '890-123-4562', 49000.00, 26),
    (107, 'Monika Singh', '901-234-5671', 46000.00, 27),
    (108, 'Vivek Choudhury', '012-345-6780', 52000.00, 28),
    (109, 'Poonam Verma', '123-456-7897', 51000.00, 29),
    (110, 'Rishi Mishra', '234-567-8906', 47000.00, 30),
    (111, 'Nidhi Patel', '345-678-9011', 48000.00, 31),
    (112, 'Rajesh Singh', '456-789-0122', 49000.00, 32),
    (113, 'Anuradha Mishra', '567-890-1233', 46000.00, 33),
    (114, 'Amar Verma', '678-901-2344', 52000.00, 34),
    (115, 'Shalini Gupta', '789-012-3455', 51000.00, 35),
    (116, 'Rahul Kumar', '890-123-4566', 47000.00, 36),
    (117, 'Geeta Singh', '901-234-5677', 48000.00, 37),
    (118, 'Vishal Choudhury', '012-345-6788', 49000.00, 38),
    (119, 'Pooja Sharma', '123-456-7899', 46000.00, 39),
    (120, 'Alok Verma', '234-567-8908', 52000.00, 40),
    (121, 'Priya Singh', '345-678-9011', 50000.00, 1),
    (122, 'Amit Sharma', '456-789-0122', 48000.00, 2),
    (123, 'Sneha Mishra', '567-890-1233', 55000.00, 3),
    (124, 'Rahul Verma', '678-901-2344', 45000.00, 4),
    (125, 'Neha Gupta', '789-012-3455', 52000.00, 5),
    (126, 'Rajesh Kumar', '890-123-4566', 50000.00, 6),
    (127, 'Aarti Singh', '901-234-5677', 49000.00, 7),
    (128, 'Vikas Choudhury', '012-345-6788', 54000.00, 8),
    (129, 'Pooja Verma', '123-456-7899', 46000.00, 9),
    (130, 'Sachin Mishra', '234-567-8908', 47000.00, 10),
    (131, 'Rajat Singh', '345-678-9017', 54000.00, 11),
    (132, 'Anjali Sharma', '456-789-0126', 52000.00, 12),
    (133, 'Alok Kumar', '567-890-1235', 51000.00, 13),
    (134, 'Suman Verma', '678-901-2344', 47000.00, 14),
    (135, 'Gaurav Gupta', '789-012-3453', 48000.00, 15),
    (136, 'Komal Kumar', '890-123-4562', 49000.00, 16),
    (137, 'Monika Singh', '901-234-5671', 46000.00, 17),
    (138, 'Vivek Choudhury', '012-345-6780', 52000.00, 18),
    (139, 'Poonam Verma', '123-456-7897', 51000.00, 19),
    (140, 'Rishi Mishra', '234-567-8906', 47000.00, 20),
    (141, 'Nidhi Patel', '345-678-9011', 48000.00, 21),
    (142, 'Rajesh Singh', '456-789-0122', 49000.00, 22),
    (143, 'Anuradha Mishra', '567-890-1233', 46000.00, 23),
    (144, 'Amar Verma', '678-901-2344', 52000.00, 24),
    (145, 'Shalini Gupta', '789-012-3455', 51000.00, 25),
    (146, 'Rahul Kumar', '890-123-4566', 47000.00, 26),
    (147, 'Geeta Singh', '901-234-5677', 48000.00, 27),
    (148, 'Vishal Choudhury', '012-345-6788', 49000.00, 28),
    (149, 'Pooja Sharma', '123-456-7899', 46000.00, 29),
    (150, 'Alok Verma', '234-567-8908', 52000.00, 30),
    (151, 'Priya Singh', '345-678-9011', 50000.00, 31),
    (152, 'Amit Sharma', '456-789-0122', 48000.00, 32),
    (153, 'Sneha Mishra', '567-890-1233', 55000.00, 33),
    (154, 'Rahul Verma', '678-901-2344', 45000.00, 34),
    (155, 'Neha Gupta', '789-012-3455', 52000.00, 35),
    (156, 'Rajesh Kumar', '890-123-4566', 50000.00, 36),
    (157, 'Aarti Singh', '901-234-5677', 49000.00, 37),
    (158, 'Vikas Choudhury', '012-345-6788', 54000.00, 38),
    (159, 'Pooja Verma', '123-456-7899', 46000.00, 39),
    (160, 'Sachin Mishra', '234-567-8908', 47000.00, 40);




INSERT INTO MaintenanceRequest (Maintenance_Request_ID, Description, Request_Date, Status, Assigned_Contractor_ID, Completion_Date, Cost)
VALUES
    (11, 'Broken window in the living room', '2024-04-10', 'In Progress', 8, NULL, 100.00),
    (12, 'Leaky faucet in the bathroom', '2024-01-20', 'Pending', 5, NULL, NULL),
    (13, 'Electrical wiring issue in the basement', '2023-09-05', 'Completed', 3, '2024-09-07', 180.00),
    (14, 'Paint touch-up needed in hallway', '2024-03-15', 'In Progress', 4, NULL, 90.00),
    (15, 'HVAC duct cleaning required', '2023-12-01', 'Pending', 6, NULL, NULL),
    (16, 'Landscaping for front yard', '2024-01-20', 'Completed', 7, '2025-01-25', 280.00),
    (17, 'Carpentry work for fence', '2024-02-10', 'In Progress', 8, NULL, 220.00),
    (18, 'Security camera installation', '2023-03-05', 'Pending', 9, NULL, NULL),
    (19, 'Carpet cleaning needed', '2023-04-15', 'Completed', 10, '2025-04-20', 130.00),
    (20, 'Plumbing repair in the utility room', '2023-05-20', 'In Progress', 2, NULL, 85.00),
    (21, 'Roof inspection required', '2024-04-12', 'In Progress', 11, NULL, 110.00),
    (22, 'Window replacement in the bedroom', '2024-04-20', 'Pending', 16, NULL, NULL),
    (23, 'Electrical panel upgrade', '2022-09-05', 'Completed', 15, '2024-09-07', 190.00),
    (24, 'Exterior painting needed', '2023-10-15', 'In Progress', 19, NULL, 95.00),
    (25, 'HVAC system repair', '2023-12-01', 'Pending', 17, NULL, NULL),
    (26, 'Landscaping for side yard', '2023-01-20', 'Completed', 12, '2025-01-25', 290.00),
    (27, 'Deck renovation', '2024-02-10', 'In Progress', 18, NULL, 230.00),
    (28, 'Security alarm installation', '2024-03-05', 'Pending', 21, NULL, NULL),
    (29, 'Floor polishing required', '2022-04-15', 'Completed', 14, '2025-04-20', 140.00),
    (30, 'Plumbing maintenance check', '2024-03-20', 'In Progress', 13, NULL, 90.00),
    (31, 'Broken door repair', '2024-04-21', 'In Progress', 27, NULL, 120.00),
    (32, 'Leaky shower head fix', '2024-04-15', 'Pending', 35, NULL, NULL),
    (33, 'Electrical outlet replacement', '2024-01-05', 'Completed', 26, '2024-09-07', 200.00),
    (34, 'Exterior siding repair', '2024-02-14', 'In Progress', 12, NULL, 100.00),
    (35, 'HVAC filter replacement', '2024-01-01', 'Pending', 28, NULL, NULL),
    (36, 'Landscaping for courtyard', '2023-01-20', 'Completed', 23, '2025-01-25', 310.00),
    (37, 'Patio construction', '2023-02-10', 'In Progress', 29, NULL, 240.00),
    (38, 'Security gate installation', '2024-03-05', 'Pending', 27, NULL, NULL),
    (39, 'Gutter cleaning required', '2024-04-15', 'Completed', 20, '2025-04-20', 150.00),
    (40, 'Plumbing pipe replacement', '2024-02-21', 'In Progress', 24, NULL, 95.00),
    (41, 'Roof repair', '2024-02-10', 'In Progress', 25, NULL, 130.00),
    (42, 'Window cleaning needed', '2023-07-20', 'Pending', 31, NULL, NULL),
    (43, 'Electrical wiring inspection', '2022-09-05', 'Completed', 26, '2024-09-07', 210.00),
    (44, 'Exterior painting touch-up', '2024-01-15', 'In Progress', 30, NULL, 105.00),
    (45, 'HVAC system maintenance', '2024-01-01', 'Pending', 39, NULL, NULL),
    (46, 'Landscaping for garden', '2023-01-20', 'Completed', 34, '2025-01-25', 320.00),
    (47, 'Fence repair', '2024-02-10', 'In Progress', 34, NULL, 250.00),
    (48, 'Security light installation', '2024-03-05', 'Pending', 32, NULL, NULL),
    (49, 'Carpet replacement required', '2024-04-15', 'Completed', 36, '2025-04-20', 160.00),
    (50, 'Plumbing fixture upgrade', '2024-03-19', 'In Progress', 35, NULL, 100.00),
    (51, 'Broken window in the living room', '2024-02-10', 'In Progress', 38, NULL, 100.00),
    (52, 'Leaky faucet in the bathroom', '2024-04-20', 'Pending', 24, NULL, NULL),
    (53, 'Electrical wiring issue in the basement', '2023-09-05', 'Completed', 37, '2024-09-07', 180.00),
    (54, 'Paint touch-up needed in hallway', '2023-10-15', 'In Progress', 19, NULL, 90.00),
    (55, 'HVAC duct cleaning required', '2023-12-01', 'Pending', 39, NULL, NULL),
    (56, 'Landscaping for front yard', '2022-01-20', 'Completed', 34, '2025-01-25', 280.00),
    (57, 'Carpentry work for fence', '2024-02-10', 'In Progress', 38, NULL, 220.00),
    (58, 'Security camera installation', '2024-03-11', 'Pending', 21, NULL, NULL),
    (59, 'Carpet cleaning needed', '2023-04-15', 'Completed', 31, '2025-04-20', 130.00),
    (60, 'Plumbing repair in the utility room', '2024-04-02', 'In Progress', 13, NULL, 85.00),
    (61, 'Roof inspection required', '2024-01-10', 'In Progress', 22, NULL, 110.00),
    (62, 'Window replacement in the bedroom', '2024-03-26', 'Pending', 11, NULL, NULL),
    (63, 'Electrical panel upgrade', '2023-09-05', 'Completed', 15, '2024-09-07', 190.00);




INSERT INTO Property (Property_ID, Address, Size, Type, Market_Value, Built_Year, Company_ID, Landlord_ID, Maintenance_Request_ID)
VALUES
    (11, '101 Tulsi Nagar, City A', 1800, 'Residential', 320000.00, 2000, 1, 1, 11),
    (12, '202 Rose Avenue, City B', 2200, 'Commercial', 600000.00, 1995, 2, 2, 12),
    (13, '303 Lotus Street, City C', 1900, 'Residential', 350000.00, 2005, 3, 3, 13),
    (14, '404 Jasmine Road, City D', 2000, 'Commercial', 480000.00, 1990, 4, 4, 14),
    (15, '505 Lily Lane, City E', 1700, 'Residential', 300000.00, 1998, 5, 5, 15),
    (16, '606 Orchid Court, City F', 2100, 'Commercial', 550000.00, 2003, 6, 6, 16),
    (17, '707 Sunflower Drive, City G', 1800, 'Residential', 330000.00, 1992, 7, 7, 17),
    (18, '808 Daisy Street, City H', 2300, 'Commercial', 670000.00, 2007, 8, 8, 18),
    (19, '909 Marigold Lane, City I', 1600, 'Residential', 280000.00, 1996, 9, 9, 19),
    (20, '1010 Lavender Avenue, City J', 2400, 'Commercial', 720000.00, 2009, 10, 10, 20),
    (21, '1111 Tulsi Nagar, City A', 1900, 'Residential', 340000.00, 2001, 11, 11, 21),
    (22, '1212 Rose Avenue, City B', 2300, 'Commercial', 650000.00, 1994, 12, 12, 22),
    (23, '1313 Lotus Street, City C', 2000, 'Residential', 370000.00, 2006, 13, 13, 23),
    (24, '1414 Jasmine Road, City D', 2100, 'Commercial', 500000.00, 1991, 14, 14, 24),
    (25, '1515 Lily Lane, City E', 1800, 'Residential', 320000.00, 1999, 15, 15, 25),
    (26, '1616 Orchid Court, City F', 2200, 'Commercial', 600000.00, 2004, 1, 16, 26),
    (27, '1717 Sunflower Drive, City G', 1900, 'Residential', 350000.00, 1993, 2, 17, 27),
    (28, '1818 Daisy Street, City H', 2400, 'Commercial', 680000.00, 2008, 3, 18, 28),
    (29, '1919 Marigold Lane, City I', 1700, 'Residential', 290000.00, 1997, 4, 19, 29),
    (30, '2020 Lavender Avenue, City J', 2500, 'Commercial', 750000.00, 2010, 5, 20, 30),
    (31, '2121 Tulsi Nagar, City A', 2000, 'Residential', 360000.00, 2002, 6, 21, 31),
    (32, '2222 Rose Avenue, City B', 2400, 'Commercial', 670000.00, 1993, 7, 22, 32),
    (33, '2323 Lotus Street, City C', 2100, 'Residential', 380000.00, 2007, 8, 23, 33),
    (34, '2424 Jasmine Road, City D', 2200, 'Commercial', 520000.00, 1992, 9, 24, 34),
    (35, '2525 Lily Lane, City E', 1900, 'Residential', 340000.00, 2000, 10, 25, 35),
    (36, '2626 Orchid Court, City F', 2300, 'Commercial', 630000.00, 2005, 11, 1, 36),
    (37, '2727 Sunflower Drive, City G', 2000, 'Residential', 360000.00, 1994, 12, 2, 37),
    (38, '2828 Daisy Street, City H', 2500, 'Commercial', 690000.00, 2009, 13, 3, 38),
    (39, '2929 Marigold Lane, City I', 1800, 'Residential', 310000.00, 1998, 14, 4, 39),
    (40, '3030 Lavender Avenue, City J', 2600, 'Commercial', 780000.00, 2011, 15, 5, 40),
    (41, '3131 Tulsi Nagar, City A', 2100, 'Residential', 380000.00, 2003, 1, 6, 41),
    (42, '3232 Rose Avenue, City B', 2500, 'Commercial', 690000.00, 1994, 2, 7, 42),
    (43, '3333 Lotus Street, City C', 2200, 'Residential', 400000.00, 2008, 3, 8, 43),
    (44, '3434 Jasmine Road, City D', 2300, 'Commercial', 540000.00, 1993, 4, 9, 44),
    (45, '3535 Lily Lane, City E', 2000, 'Residential', 360000.00, 2001, 5, 10, 45),
    (46, '3636 Orchid Court, City F', 2400, 'Commercial', 660000.00, 2006, 6, 11, 46),
    (47, '3737 Sunflower Drive, City G', 2100, 'Residential', 380000.00, 1995, 7, 12, 47),
    (48, '3838 Daisy Street, City H', 2600, 'Commercial', 710000.00, 2010, 8, 13, 48),
    (49, '3939 Marigold Lane, City I', 1900, 'Residential', 330000.00, 1999, 9, 14, 49),
    (50, '4040 Lavender Avenue, City J', 2700, 'Commercial', 810000.00, 2012, 10, 15, 50),
    (51, '4141 Tulsi Nagar, City A', 2200, 'Residential', 400000.00, 2004, 11, 16, 51),
    (52, '4242 Rose Avenue, City B', 2600, 'Commercial', 720000.00, 1995, 12, 17, 52),
    (53, '4343 Lotus Street, City C', 2300, 'Residential', 420000.00, 2009, 13, 18, 53),
    (54, '4444 Jasmine Road, City D', 2400, 'Commercial', 560000.00, 1994, 14, 19, 54),
    (55, '4545 Lily Lane, City E', 2100, 'Residential', 380000.00, 2002, 15, 20, 55),
    (56, '4646 Orchid Court, City F', 2500, 'Commercial', 690000.00, 2007, 1, 21, 56),
    (57, '4747 Sunflower Drive, City G', 2200, 'Residential', 400000.00, 1996, 2, 22, 57),
    (58, '4848 Daisy Street, City H', 2700, 'Commercial', 740000.00, 2011, 3, 23, 58),
    (59, '4949 Marigold Lane, City I', 2000, 'Residential', 350000.00, 2000, 4, 24, 59),
    (60, '5050 Lavender Avenue, City J', 2800, 'Commercial', 840000.00, 2013, 5, 25, 60),
    (61, '5151 Tulsi Nagar, City A', 2300, 'Residential', 420000.00, 2005, 6, 1, 61),
    (62, '5252 Rose Avenue, City B', 2700, 'Commercial', 750000.00, 1996, 7, 2, 62),
    (63, '5353 Lotus Street, City C', 2400, 'Residential', 440000.00, 2010, 8, 3, 63),
    (64, '5454 Jasmine Road, City D', 2500, 'Commercial', 580000.00, 1995, 9, 4, 1),
    (65, '5555 Lily Lane, City E', 2200, 'Residential', 400000.00, 2003, 10, 5, 2),
    (66, '5656 Orchid Court, City F', 2600, 'Commercial', 720000.00, 2008, 11, 6, 3),
    (67, '5757 Sunflower Drive, City G', 2300, 'Residential', 420000.00, 1997, 12, 7, 4),
    (68, '5858 Daisy Street, City H', 2800, 'Commercial', 760000.00, 2012, 13, 8, 5),
    (69, '5959 Marigold Lane, City I', 2100, 'Residential', 370000.00, 2001, 14, 9, 6),
    (70, '6060 Lavender Avenue, City J', 2900, 'Commercial', 870000.00, 2014, 15, 10, 7),
    (71, '6161 Tulsi Nagar, City A', 2400, 'Residential', 440000.00, 2006, 1, 11, 8),
    (72, '6262 Rose Avenue, City B', 2800, 'Commercial', 780000.00, 1997, 2, 12, 9),
    (73, '6363 Lotus Street, City C', 2500, 'Residential', 460000.00, 2011, 3, 13, 10),
    (74, '6464 Jasmine Road, City D', 2600, 'Commercial', 600000.00, 1996, 4, 14, 11),
    (75, '6565 Lily Lane, City E', 2300, 'Residential', 420000.00, 2004, 5, 15, 12),
    (76, '6666 Orchid Court, City F', 2700, 'Commercial', 740000.00, 2009, 6, 16, 13),
    (77, '6767 Sunflower Drive, City G', 2400, 'Residential', 440000.00, 1998, 7, 17, 14),
    (78, '6868 Daisy Street, City H', 2900, 'Commercial', 780000.00, 2013, 8, 18, 15),
    (79, '6969 Marigold Lane, City I', 2200, 'Residential', 390000.00, 2002, 9, 19, 16),
    (80, '7070 Lavender Avenue, City J', 3000, 'Commercial', 900000.00, 2015, 10, 20, 17),
    (81, '7171 Tulsi Nagar, City A', 2500, 'Residential', 460000.00, 2007, 11, 21, 18),
    (82, '7272 Rose Avenue, City B', 2900, 'Commercial', 810000.00, 1998, 12, 22, 19),
    (83, '7373 Lotus Street, City C', 2600, 'Residential', 480000.00, 2012, 13, 23, 20),
    (84, '7474 Jasmine Road, City D', 2700, 'Commercial', 620000.00, 1997, 14, 24, 21),
    (85, '7575 Lily Lane, City E', 2400, 'Residential', 440000.00, 2005, 15, 25, 22),
    (86, '7676 Orchid Court, City F', 2800, 'Commercial', 760000.00, 2010, 1, 1, 23),
    (87, '7777 Sunflower Drive, City G', 2500, 'Residential', 460000.00, 1999, 2, 2, 24),
    (88, '7878 Daisy Street, City H', 3000, 'Commercial', 800000.00, 2014, 3, 3, 25),
    (89, '7979 Marigold Lane, City I', 2300, 'Residential', 410000.00, 2003, 4, 4, 26),
    (90, '8080 Lavender Avenue, City J', 3100, 'Commercial', 930000.00, 2016, 5, 5, 27),
    (91, '8181 Tulsi Nagar, City A', 2600, 'Residential', 480000.00, 2008, 6, 20, 28),
    (92, '8282 Rose Avenue, City B', 3000, 'Commercial', 840000.00, 1999, 7, 21, 29),
    (93, '8383 Lotus Street, City C', 2700, 'Residential', 500000.00, 2013, 8, 22, 30),
    (94, '8484 Jasmine Road, City D', 2800, 'Commercial', 640000.00, 1998, 9, 23, 31),
    (95, '8585 Lily Lane, City E', 2500, 'Residential', 460000.00, 2006, 10, 24, 32),
    (96, '8686 Orchid Court, City F', 2900, 'Commercial', 780000.00, 2011, 11, 25, 33),
    (97, '8787 Sunflower Drive, City G', 2600, 'Residential', 480000.00, 2000, 12, 1, 34),
    (98, '8888 Daisy Street, City H', 3100, 'Commercial', 820000.00, 2015, 13, 2, 35),
    (99, '8989 Marigold Lane, City I', 2400, 'Residential', 430000.00, 2004, 14, 3, 36),
    (100, '9090 Lavender Avenue, City J', 3200, 'Commercial', 960000.00, 2017, 15, 4, 37),
    (101, '9191 Tulsi Nagar, City A', 2700, 'Residential', 500000.00, 2009, 1, 5, 38),
    (102, '9292 Rose Avenue, City B', 3100, 'Commercial', 870000.00, 2000, 2, 6, 39),
    (103, '9393 Lotus Street, City C', 2800, 'Residential', 520000.00, 2014, 3, 7, 40),
    (104, '9494 Jasmine Road, City D', 2900, 'Commercial', 660000.00, 1999, 4, 8, 41),
    (105, '9595 Lily Lane, City E', 2600, 'Residential', 480000.00, 2007, 5, 9, 42),
    (106, '9696 Orchid Court, City F', 3000, 'Commercial', 800000.00, 2012, 6, 10, 43),
    (107, '9797 Sunflower Drive, City G', 2700, 'Residential', 500000.00, 2001, 7, 11, 44),
    (108, '9898 Daisy Street, City H', 3200, 'Commercial', 840000.00, 2016, 8, 12, 45),
    (109, '9999 Marigold Lane, City I', 2500, 'Residential', 450000.00, 2005, 9, 13, 46),
    (110, '10101 Lavender Avenue, City J', 3300, 'Commercial', 990000.00, 2018, 10, 14, 47),
    (111, '11111 Tulsi Nagar, City A', 2800, 'Residential', 520000.00, 2010, 11, 15, 48),
    (112, '12121 Rose Avenue, City B', 3200, 'Commercial', 900000.00, 2001, 12, 16, 49),
    (113, '13131 Lotus Street, City C', 2900, 'Residential', 540000.00, 2015, 13, 17, 50),
    (114, '14141 Jasmine Road, City D', 3000, 'Commercial', 680000.00, 2000, 14, 18, 51),
    (115, '15151 Lily Lane, City E', 2700, 'Residential', 500000.00, 2008, 15, 19, 52),
    (116, '16161 Orchid Court, City F', 3100, 'Commercial', 820000.00, 2013, 1, 20, 53),
    (117, '17171 Sunflower Drive, City G', 2800, 'Residential', 520000.00, 2002, 2, 21, 54),
    (118, '18181 Daisy Street, City H', 3300, 'Commercial', 880000.00, 2017, 3, 22, 55),
    (119, '19191 Marigold Lane, City I', 2600, 'Residential', 460000.00, 2006, 4, 23, 56),
    (120, '20202 Lavender Avenue, City J', 3400, 'Commercial', 1020000.00, 2019, 5, 24, 57),
    (121, '21212 Tulsi Nagar, City A', 2900, 'Residential', 540000.00, 2011, 6, 25, 58),
    (122, '22222 Rose Avenue, City B', 3300, 'Commercial', 930000.00, 2002, 7, 1, 59),
    (123, '23232 Lotus Street, City C', 3000, 'Residential', 560000.00, 2016, 8, 2, 60),
    (124, '24242 Jasmine Road, City D', 3100, 'Commercial', 700000.00, 2001, 9, 3, 61),
    (125, '25252 Lily Lane, City E', 2800, 'Residential', 520000.00, 2009, 10, 4, 62),
    (126, '26262 Orchid Court, City F', 3200, 'Commercial', 840000.00, 2014, 11, 5, 63),
    (127, '27272 Sunflower Drive, City G', 2900, 'Residential', 540000.00, 2003, 12, 6, 1),
    (128, '28282 Daisy Street, City H', 3400, 'Commercial', 900000.00, 2018, 13, 7, 2),
    (129, '29292 Marigold Lane, City I', 2700, 'Residential', 480000.00, 2007, 14, 8, 3),
    (130, '30303 Lavender Avenue, City J', 3500, 'Commercial', 1050000.00, 2020, 15, 9, 4),
    (131, '31313 Tulsi Nagar, City A', 3000, 'Residential', 560000.00, 2012, 1, 10, 5),
    (132, '32323 Rose Avenue, City B', 3400, 'Commercial', 960000.00, 2003, 2, 11, 6),
    (133, '33333 Lotus Street, City C', 3100, 'Residential', 580000.00, 2017, 3, 12, 7),
    (134, '34343 Jasmine Road, City D', 3200, 'Commercial', 720000.00, 2002, 4, 13, 8),
    (135, '35353 Lily Lane, City E', 2900, 'Residential', 540000.00, 2010, 5, 14, 9),
    (136, '36363 Orchid Court, City F', 3300, 'Commercial', 860000.00, 2015, 6, 15, 10),
    (137, '37373 Sunflower Drive, City G', 3000, 'Residential', 560000.00, 2004, 7, 16, 11),
    (138, '38383 Daisy Street, City H', 3500, 'Commercial', 920000.00, 2019, 8, 17, 12),
    (139, '39393 Marigold Lane, City I', 2800, 'Residential', 500000.00, 2008, 9, 18, 13),
    (140, '40404 Lavender Avenue, City J', 3600, 'Commercial', 1080000.00, 2021, 10, 19, 14),
    (141, '41414 Tulsi Nagar, City A', 3100, 'Residential', 580000.00, 2013, 11, 20, 15),
    (142, '42424 Rose Avenue, City B', 3500, 'Commercial', 990000.00, 2004, 12, 21, 16),
    (143, '43434 Lotus Street, City C', 3200, 'Residential', 600000.00, 2018, 13, 22, 17),
    (144, '44444 Jasmine Road, City D', 3300, 'Commercial', 740000.00, 2003, 14, 23, 18),
    (145, '45454 Lily Lane, City E', 3000, 'Residential', 560000.00, 2011, 15, 24, 19),
    (146, '46464 Orchid Court, City F', 3400, 'Commercial', 880000.00, 2016, 1, 25, 20),
    (147, '47474 Sunflower Drive, City G', 3100, 'Residential', 580000.00, 2005, 2, 1, 21),
    (148, '48484 Daisy Street, City H', 3600, 'Commercial', 940000.00, 2020, 3, 2, 22),
    (149, '49494 Marigold Lane, City I', 2900, 'Residential', 520000.00, 2009, 4, 3, 23),
    (150, '50505 Lavender Avenue, City J', 3700, 'Commercial', 1110000.00, 2022, 5, 4, 24),
    (151, '51515 Tulsi Nagar, City A', 3200, 'Residential', 600000.00, 2014, 6, 5, 25),
    (152, '52525 Rose Avenue, City B', 3600, 'Commercial', 1020000.00, 2005, 7, 6, 26),
    (153, '53535 Lotus Street, City C', 3300, 'Residential', 620000.00, 2019, 8, 7, 27),
    (154, '54545 Jasmine Road, City D', 3400, 'Commercial', 760000.00, 2004, 9, 8, 28),
    (155, '55555 Lily Lane, City E', 3100, 'Residential', 580000.00, 2012, 10, 9, 29),
    (156, '56565 Orchid Court, City F', 3500, 'Commercial', 900000.00, 2017, 11, 10, 30),
    (157, '57575 Sunflower Drive, City G', 3200, 'Residential', 600000.00, 2006, 12, 11, 31),
    (158, '58585 Daisy Street, City H', 3700, 'Commercial', 960000.00, 2021, 13, 12, 32),
    (159, '59595 Marigold Lane, City I', 3000, 'Residential', 540000.00, 2010, 14, 13, 33),
    (160, '60606 Lavender Avenue, City J', 3800, 'Commercial', 1140000.00, 2023, 15, 14, 34),
    (161, '61616 Tulsi Nagar, City A', 3300, 'Residential', 620000.00, 2015, 1, 15, 35),
    (162, '62626 Rose Avenue, City B', 3700, 'Commercial', 1050000.00, 2006, 2, 16, 36),
    (163, '63636 Lotus Street, City C', 3400, 'Residential', 640000.00, 2020, 3, 17, 37),
    (164, '64646 Jasmine Road, City D', 3500, 'Commercial', 780000.00, 2005, 4, 18, 38),
    (165, '65656 Lily Lane, City E', 3200, 'Residential', 600000.00, 2013, 5, 19, 39),
    (166, '66666 Orchid Court, City F', 3600, 'Commercial', 920000.00, 2018, 6, 20, 40),
    (167, '67676 Sunflower Drive, City G', 3300, 'Residential', 620000.00, 2007, 7, 21, 41),
    (168, '68686 Daisy Street, City H', 3800, 'Commercial', 980000.00, 2022, 8, 22, 42),
    (169, '69696 Marigold Lane, City I', 3100, 'Residential', 560000.00, 2011, 9, 23, 43),
    (170, '70707 Lavender Avenue, City J', 3900, 'Commercial', 1170000.00, 2024, 10, 24, 44),
    (171, '71717 Tulsi Nagar, City A', 3400, 'Residential', 640000.00, 2016, 11, 25, 45),
    (172, '72727 Rose Avenue, City B', 3800, 'Commercial', 1080000.00, 2007, 12, 1, 46),
    (173, '73737 Lotus Street, City C', 3500, 'Residential', 660000.00, 2021, 13, 2, 47),
    (174, '74747 Jasmine Road, City D', 3600, 'Commercial', 800000.00, 2006, 14, 3, 48),
    (175, '75757 Lily Lane, City E', 3300, 'Residential', 620000.00, 2014, 15, 4, 49),
    (176, '76767 Orchid Court, City F', 3700, 'Commercial', 960000.00, 2019, 1, 5, 50),
    (177, '77777 Sunflower Drive, City G', 3400, 'Residential', 640000.00, 2008, 2, 6, 51),
    (178, '78787 Daisy Street, City H', 3900, 'Commercial', 1000000.00, 2023, 3, 7, 52),
    (179, '79797 Marigold Lane, City I', 3200, 'Residential', 580000.00, 2012, 4, 8, 53),
    (180, '80808 Lavender Avenue, City J', 4000, 'Commercial', 1200000.00, 2025, 5, 9, 54),
    (181, '81818 Tulsi Nagar, City A', 3500, 'Residential', 660000.00, 2017, 6, 10, 55),
    (182, '82828 Rose Avenue, City B', 3900, 'Commercial', 1110000.00, 2008, 7, 11, 56),
    (183, '83838 Lotus Street, City C', 3600, 'Residential', 680000.00, 2022, 8, 12, 57),
    (184, '84848 Jasmine Road, City D', 3700, 'Commercial', 820000.00, 2007, 9, 13, 58),
    (185, '85858 Lily Lane, City E', 3400, 'Residential', 640000.00, 2015, 10, 14, 59),
    (186, '86868 Orchid Court, City F', 3800, 'Commercial', 980000.00, 2020, 11, 15, 60),
    (187, '87878 Sunflower Drive, City G', 3500, 'Residential', 660000.00, 2009, 12, 16, 61),
    (188, '88888 Daisy Street, City H', 4000, 'Commercial', 1040000.00, 2024, 13, 17, 62),
    (189, '89898 Marigold Lane, City I', 3300, 'Residential', 600000.00, 2013, 14, 18, 63),
    (190, '90909 Lavender Avenue, City J', 4100, 'Commercial', 1230000.00, 2026, 15, 19, 1),
    (191, '91919 Tulsi Nagar, City A', 3600, 'Residential', 680000.00, 2018, 1, 20, 2),
    (192, '92929 Rose Avenue, City B', 4000, 'Commercial', 1140000.00, 2009, 2, 21, 3),
    (193, '93939 Lotus Street, City C', 3700, 'Residential', 700000.00, 2023, 3, 22, 4),
    (194, '94949 Jasmine Road, City D', 3800, 'Commercial', 860000.00, 2008, 4, 23, 5),
    (195, '95959 Lily Lane, City E', 3500, 'Residential', 660000.00, 2016, 5, 24, 6),
    (196, '96969 Orchid Court, City F', 3900, 'Commercial', 1000000.00, 2021, 6, 25, 7),
    (197, '97979 Sunflower Drive, City G', 3600, 'Residential', 680000.00, 2010, 7, 1, 8),
    (198, '98989 Daisy Street, City H', 4100, 'Commercial', 1060000.00, 2025, 8, 2, 9),
    (199, '99999 Marigold Lane, City I', 3400, 'Residential', 620000.00, 2014, 9, 3, 10),
    (200, '101010 Lavender Avenue, City J', 4200, 'Commercial', 1260000.00, 2027, 10, 4, 11);




INSERT INTO Tenant (Tenant_ID, Name, Age, Gender, Contact_Information, Employment_Status, Background_Check)
VALUES
    (11, 'Rahul Tenant', 31, 'Male', '111-222-3334', 'Employed', 'Clear'),
    (12, 'Priya Tenant', 24, 'Female', '222-333-4445', 'Student', 'Clear'),
    (13, 'Amit Tenant', 36, 'Male', '333-444-5556', 'Unemployed', 'Clear'),
    (14, 'Sneha Tenant', 29, 'Female', '444-555-6667', 'Employed', 'Clear'),
    (15, 'Vikram Tenant', 41, 'Male', '555-666-7778', 'Employed', 'Clear'),
    (16, 'Pooja Tenant', 28, 'Female', '666-777-8889', 'Student', 'Clear'),
    (17, 'Sanjay Tenant', 33, 'Male', '777-888-9990', 'Employed', 'Clear'),
    (18, 'Deepika Tenant', 30, 'Female', '888-999-0001', 'Employed', 'Clear'),
    (19, 'Ravi Tenant', 34, 'Male', '999-000-1112', 'Employed', 'Clear'),
    (20, 'Kiran Tenant', 25, 'Female', '123-456-7891', 'Student', 'Clear'),
    (21, 'Arjun Tenant', 32, 'Male', '111-222-3335', 'Employed', 'Clear'),
    (22, 'Neha Tenant', 23, 'Female', '222-333-4446', 'Student', 'Clear'),
    (23, 'Rajesh Tenant', 37, 'Male', '333-444-5557', 'Unemployed', 'Clear'),
    (24, 'Anjali Tenant', 26, 'Female', '444-555-6668', 'Employed', 'Clear'),
    (25, 'Ashok Tenant', 42, 'Male', '555-666-7779', 'Employed', 'Clear'),
    (26, 'Manisha Tenant', 27, 'Female', '666-777-8890', 'Student', 'Clear'),
    (27, 'Vishal Tenant', 34, 'Male', '777-888-9991', 'Employed', 'Clear'),
    (28, 'Ananya Tenant', 31, 'Female', '888-999-0002', 'Employed', 'Clear'),
    (29, 'Suresh Tenant', 35, 'Male', '999-000-1113', 'Employed', 'Clear'),
    (30, 'Shreya Tenant', 24, 'Female', '123-456-7892', 'Student', 'Clear'),
    (31, 'Raj Tenant', 33, 'Male', '111-222-3336', 'Employed', 'Clear'),
    (32, 'Meera Tenant', 22, 'Female', '222-333-4447', 'Student', 'Clear'),
    (33, 'Prakash Tenant', 38, 'Male', '333-444-5558', 'Unemployed', 'Clear'),
    (34, 'Sunita Tenant', 25, 'Female', '444-555-6669', 'Employed', 'Clear'),
    (35, 'Ramesh Tenant', 43, 'Male', '555-666-7780', 'Employed', 'Clear'),
    (36, 'Asha Tenant', 29, 'Female', '666-777-8891', 'Student', 'Clear'),
    (37, 'Nitin Tenant', 36, 'Male', '777-888-9992', 'Employed', 'Clear'),
    (38, 'Divya Tenant', 32, 'Female', '888-999-0003', 'Employed', 'Clear'),
    (39, 'Sunil Tenant', 36, 'Male', '999-000-1114', 'Employed', 'Clear'),
    (40, 'Juhi Tenant', 23, 'Female', '123-456-7893', 'Student', 'Clear'),
    (41, 'Harish Tenant', 34, 'Male', '111-222-3337', 'Employed', 'Clear'),
    (42, 'Tanvi Tenant', 21, 'Female', '222-333-4448', 'Student', 'Clear'),
    (43, 'Rahul Tenant', 39, 'Male', '333-444-5559', 'Unemployed', 'Clear'),
    (44, 'Shilpa Tenant', 28, 'Female', '444-555-6670', 'Employed', 'Clear'),
    (45, 'Vivek Tenant', 44, 'Male', '555-666-7781', 'Employed', 'Clear'),
    (46, 'Anita Tenant', 30, 'Female', '666-777-8892', 'Student', 'Clear'),
    (47, 'Alok Tenant', 37, 'Male', '777-888-9993', 'Employed', 'Clear'),
    (48, 'Preeti Tenant', 33, 'Female', '888-999-0004', 'Employed', 'Clear'),
    (49, 'Rajeev Tenant', 37, 'Male', '999-000-1115', 'Employed', 'Clear'),
    (50, 'Simran Tenant', 22, 'Female', '123-456-7894', 'Student', 'Clear'),
    (51, 'Vikas Tenant', 35, 'Male', '111-222-3338', 'Employed', 'Clear'),
    (52, 'Neeta Tenant', 20, 'Female', '222-333-4449', 'Student', 'Clear'),
    (53, 'Sandeep Tenant', 40, 'Male', '333-444-5560', 'Unemployed', 'Clear'),
    (54, 'Anamika Tenant', 27, 'Female', '444-555-6671', 'Employed', 'Clear'),
    (55, 'Yogesh Tenant', 45, 'Male', '555-666-7782', 'Employed', 'Clear'),
    (56, 'Ritu Tenant', 31, 'Female', '666-777-8893', 'Student', 'Clear'),
    (57, 'Rahul Tenant', 38, 'Male', '777-888-9994', 'Employed', 'Clear'),
    (58, 'Anjali Tenant', 34, 'Female', '888-999-0005', 'Employed', 'Clear'),
    (59, 'Arun Tenant', 38, 'Male', '999-000-1116', 'Employed', 'Clear'),
    (60, 'Shikha Tenant', 21, 'Female', '123-456-7895', 'Student', 'Clear'),
    (61, 'Vinay Tenant', 36, 'Male', '111-222-3339', 'Employed', 'Clear'),
    (62, 'Rekha Tenant', 19, 'Female', '222-333-4450', 'Student', 'Clear'),
    (63, 'Avinash Tenant', 41, 'Male', '333-444-5561', 'Unemployed', 'Clear'),
    (64, 'Aarti Tenant', 26, 'Female', '444-555-6672', 'Employed', 'Clear'),
    (65, 'Praveen Tenant', 46, 'Male', '555-666-7783', 'Employed', 'Clear'),
    (66, 'Savita Tenant', 32, 'Female', '666-777-8894', 'Student', 'Clear'),
    (67, 'Rajeshwari Tenant', 39, 'Male', '777-888-9995', 'Employed', 'Clear'),
    (68, 'Jyoti Tenant', 35, 'Female', '888-999-0006', 'Employed', 'Clear'),
    (69, 'Sanjay Tenant', 39, 'Male', '999-000-1117', 'Employed', 'Clear'),
    (70, 'Nandini Tenant', 20, 'Female', '123-456-7896', 'Student', 'Clear'),
    (71, 'Dinesh Tenant', 34, 'Male', '111-222-3340', 'Employed', 'Clear'),
    (72, 'Ananya Tenant', 18, 'Female', '222-333-4451', 'Student', 'Clear'),
    (73, 'Kishan Tenant', 42, 'Male', '333-444-5562', 'Unemployed', 'Clear'),
    (74, 'Sangeeta Tenant', 25, 'Female', '444-555-6673', 'Employed', 'Clear'),
    (75, 'Rajendra Tenant', 47, 'Male', '555-666-7784', 'Employed', 'Clear'),
    (76, 'Pallavi Tenant', 33, 'Female', '666-777-8895', 'Student', 'Clear'),
    (77, 'Harishchandra Tenant', 40, 'Male', '777-888-9996', 'Employed', 'Clear'),
    (78, 'Lata Tenant', 36, 'Female', '888-999-0007', 'Employed', 'Clear'),
    (79, 'Govind Tenant', 40, 'Male', '999-000-1118', 'Employed', 'Clear'),
    (80, 'Shanti Tenant', 19, 'Female', '123-456-7897', 'Student', 'Clear'),
    (81, 'Dinesh Tenant', 37, 'Male', '111-222-3341', 'Employed', 'Clear'),
    (82, 'Shruti Tenant', 17, 'Female', '222-333-4452', 'Student', 'Clear'),
    (83, 'Ajay Tenant', 43, 'Male', '333-444-5563', 'Unemployed', 'Clear'),
    (84, 'Suman Tenant', 24, 'Female', '444-555-6674', 'Employed', 'Clear'),
    (85, 'Kamal Tenant', 48, 'Male', '555-666-7785', 'Employed', 'Clear'),
    (86, 'Rohini Tenant', 34, 'Female', '666-777-8896', 'Student', 'Clear'),
    (87, 'Rajiv Tenant', 41, 'Male', '777-888-9997', 'Employed', 'Clear'),
    (88, 'Sarla Tenant', 37, 'Female', '888-999-0008', 'Employed', 'Clear'),
    (89, 'Gopal Tenant', 41, 'Male', '999-000-1119', 'Employed', 'Clear'),
    (90, 'Sadhana Tenant', 18, 'Female', '123-456-7898', 'Student', 'Clear'),
    (91, 'Amitabh Tenant', 50, 'Male', '111-222-3342', 'Employed', 'Clear'),
    (92, 'Deepika Tenant', 39, 'Female', '222-333-4453', 'Employed', 'Clear'),
    (93, 'Rahul Tenant', 44, 'Male', '333-444-5564', 'Unemployed', 'Clear'),
    (94, 'Kavita Tenant', 31, 'Female', '444-555-6675', 'Employed', 'Clear'),
    (95, 'Kishore Tenant', 52, 'Male', '555-666-7786', 'Employed', 'Clear'),
    (96, 'Anushka Tenant', 28, 'Female', '666-777-8897', 'Student', 'Clear'),
    (97, 'Ravi Tenant', 45, 'Male', '777-888-9998', 'Employed', 'Clear'),
    (98, 'Neha Tenant', 38, 'Female', '888-999-0009', 'Employed', 'Clear'),
    (99, 'Vijay Tenant', 47, 'Male', '999-000-1120', 'Employed', 'Clear'),
    (100, 'Swati Tenant', 20, 'Female', '123-456-7899', 'Student', 'Clear');





INSERT INTO Lease (Lease_ID, Property_ID, Tenant_ID, Lease_Start_Date, Lease_End_Date, Rent_Amount, Payment_History, Lease_Status, Renewal_Terms)
VALUES
    (11, 11, 11, '2023-11-01', '2024-11-01', 2100.00, 'Paid on time', 'Active', 'Renewable yearly'),
    (12, 12, 12, '2023-12-01', '2024-12-01', 1800.00, 'Paid on time', 'Active', 'Renewable yearly'),
    (13, 13, 13, '2023-01-01', '2025-01-01', 2400.00, 'Delayed payment', 'Active', 'Renew after two years'),
    (14, 14, 14, '2022-02-01', '2023-02-01', 1700.00, 'Paid on time', 'Inactive', 'Renewable yearly'),
    (15, 15, 15, '2024-03-01', '2025-03-01', 2600.00, 'Paid on time', 'Active', 'Renewable yearly'),
    (16, 16, 16, '2024-04-01', '2025-04-01', 1900.00, 'Paid on time', 'Active', 'Renewable yearly'),
    (17, 17, 17, '2023-05-01', '2025-05-01', 2200.00, 'Paid on time', 'Active', 'Renew after two years'),
    (18, 18, 18, '2023-06-01', '2024-06-01', 2000.00, 'Delayed payment', 'Active', 'Renewable yearly'),
    (19, 19, 19, '2022-07-01', '2023-07-01', 2300.00, 'Paid on time', 'Inactive', 'Renewable yearly'),
    (20, 20, 20, '2023-08-01', '2024-08-01', 2100.00, 'Paid on time', 'Active', 'Renewable yearly'),
    (21, 21, 21, '2021-09-01', '2022-09-01', 2400.00, 'Paid on time', 'Inactive', 'Renewable yearly'),
    (22, 22, 22, '2023-10-01', '2024-10-01', 1700.00, 'Delayed Payment', 'Active', 'Renewable yearly'),
    (23, 23, 23, '2023-11-01', '2025-11-01', 2500.00, 'Paid on time', 'Active', 'Renew after two years'),
    (24, 24, 24, '2023-12-01', '2024-12-01', 1800.00, 'Paid on time', 'Active', 'Renewable yearly'),
    (25, 25, 25, '2024-01-01', '2025-01-01', 2600.00, 'Paid on time', 'Active', 'Renewable yearly'),
    (26, 26, 26, '2024-02-01', '2025-02-01', 1900.00, 'Paid on time', 'Active', 'Renewable yearly'),
    (27, 27, 27, '2024-03-01', '2025-03-01', 2800.00, 'Paid on time', 'Active', 'Renewable yearly'),
    (28, 28, 28, '2024-01-30', '2025-01-30', 2000.00, 'Paid on time', 'Active', 'Renewable yearly'),
    (29, 29, 29, '2023-04-10', '2024-04-10', 2300.00, 'Paid on time', 'Active', 'Renewable yearly'),
    (30, 30, 30, '2023-06-11', '2025-06-11', 2100.00, 'Paid on time', 'Active', 'Renew after two years'),
    (31, 31, 31, '2023-07-01', '2024-07-01', 2400.00, 'Paid on time', 'Active', 'Renewable yearly'),
    (32, 32, 32, '2023-08-21', '2024-08-21', 1700.00, 'Delayed Payment', 'Active', 'Renewable yearly'),
    (33, 33, 33, '2023-09-05', '2025-09-05', 2500.00, 'Paid on time', 'Active', 'Renew after two years'),
    (34, 34, 34, '2022-10-01', '2024-10-01', 1800.00, 'Paid on time', 'Active', 'Renew after two years'),
    (35, 35, 35, '2021-11-01', '2023-11-01', 2600.00, 'Delayed Payment', 'Inactive', 'Renew after two years'),
    (36, 36, 36, '2023-12-01', '2024-12-01', 1900.00, 'Paid on time', 'Active', 'Renewable yearly'),
    (37, 37, 37, '2023-01-11', '2025-01-11', 2800.00, 'Delayed Payment', 'Active', 'Renew after two years'),
    (38, 38, 38, '2023-02-01', '2024-02-01', 2000.00, 'Delayed Payment', 'Inactive', 'Renewable yearly'),
    (39, 39, 39, '2022-03-01', '2024-03-01', 2900.00, 'Paid on time', 'Inactive', 'Renew after two years'),
    (40, 40, 40, '2023-04-30', '2024-04-30', 2200.00, 'Paid on time', 'Active', 'Renewable yearly'),
    (41, 41, 41, '2023-05-16', '2024-05-16', 2500.00, 'Paid on time', 'Active', 'Renewable yearly'),
    (42, 42, 42, '2023-06-13', '2024-06-13', 2300.00, 'Delayed Payment', 'Active', 'Renewable yearly'),
    (43, 43, 43, '2023-07-21', '2024-07-21', 2600.00, 'Delayed Payment', 'Active', 'Renewable yearly'),
    (44, 44, 44, '2023-08-10', '2024-08-10', 1900.00, 'Paid on time', 'Active', 'Renewable yearly'),
    (45, 45, 45, '2023-09-10', '2024-09-10', 2700.00, 'Paid on time', 'Active', 'Renewable yearly'),
    (46, 46, 46, '2023-10-10', '2024-10-10', 2000.00, 'Paid on time', 'Active', 'Renewable yearly'),
    (47, 47, 47, '2022-11-17', '2023-11-17', 2800.00, 'Paid on time', 'Inactive', 'Renewable yearly'),
    (48, 48, 48, '2022-12-17', '2023-12-17', 2100.00, 'Paid on time', 'Inactive', 'Renewable yearly'),
    (49, 49, 49, '2022-01-17', '2023-01-17', 2900.00, 'Paid on time', 'Inactive', 'Renewable yearly'),
    (50, 50, 50, '2023-05-14', '2024-05-14', 2200.00, 'Paid on time', 'Active', 'Renewable yearly'),
    (51, 51, 51, '2023-06-10', '2024-03-10', 3000.00, 'Paid on time', 'Active', 'Renewable yearly'),
    (52, 52, 52, '2023-08-23', '2024-08-23', 2300.00, 'Paid on time', 'Active', 'Renewable yearly'),
    (53, 53, 53, '2023-10-21', '2024-10-21', 2600.00, 'Paid on time', 'Active', 'Renewable yearly'),
    (54, 54, 54, '2023-06-10', '2024-06-10', 2400.00, 'Paid on time', 'Active', 'Renewable yearly'),
    (55, 55, 55, '2023-07-10', '2024-07-10', 2700.00, 'Delayed Payment', 'Active', 'Renewable yearly'),
    (56, 56, 56, '2023-08-10', '2024-08-10', 2000.00, 'Delayed Payment', 'Active', 'Renewable yearly'),
    (57, 57, 57, '2023-09-10', '2024-09-10', 2800.00, 'Delayed Payment', 'Active', 'Renewable yearly'),
    (58, 58, 58, '2023-10-10', '2024-10-10', 2100.00, 'Paid on time', 'Active', 'Renewable yearly'),
    (59, 59, 59, '2023-11-10', '2024-11-10', 2900.00, 'Paid on time', 'Active', 'Renewable yearly'),
    (60, 60, 60, '2023-12-10', '2024-12-10', 2200.00, 'Paid on time', 'Active', 'Renewable yearly'),
    (61, 61, 61, '2023-01-10', '2024-01-10', 3000.00, 'Paid on time', 'Inactive', 'Renewable yearly'),
    (62, 62, 62, '2023-02-10', '2024-02-10', 2300.00, 'Paid on time', 'Inactive', 'Renewable yearly'),
    (63, 63, 63, '2023-03-10', '2024-03-10', 3200.00, 'Paid on time', 'Inactive', 'Renewable yearly'),
    (64, 64, 64, '2023-04-10', '2024-04-10', 2400.00, 'Paid on time', 'Inactive', 'Renewable yearly'),
    (65, 65, 65, '2023-05-10', '2024-05-10', 2700.00, 'Paid on time', 'Active', 'Renewable yearly'),
    (66, 66, 66, '2023-06-10', '2024-06-10', 2500.00, 'Paid on time', 'Active', 'Renewable yearly'),
    (67, 67, 67, '2023-07-10', '2024-07-10', 2800.00, 'Paid on time', 'Active', 'Renewable yearly'),
    (68, 68, 68, '2023-08-10', '2024-08-10', 2100.00, 'Paid on time', 'Active', 'Renewable yearly'),
    (69, 69, 69, '2023-09-10', '2024-09-10', 2900.00, 'Paid on time', 'Active', 'Renewable yearly'),
    (70, 70, 70, '2023-10-10', '2024-10-10', 2200.00, 'Paid on time', 'Active', 'Renewable yearly'),
    (71, 71, 71, '2023-11-10', '2024-11-10', 3000.00, 'Paid on time', 'Active', 'Renewable yearly'),
    (72, 72, 72, '2023-12-10', '2024-12-10', 2300.00, 'Paid on time', 'Active', 'Renewable yearly'),
    (73, 73, 73, '2023-01-10', '2025-01-10', 3200.00, 'Paid on time', 'Active', 'Renew after two years'),
    (74, 74, 74, '2023-02-10', '2025-02-10', 2400.00, 'Paid on time', 'Active', 'Renew after two years'),
    (75, 75, 75, '2023-03-10', '2025-03-10', 3300.00, 'Paid on time', 'Active', 'Renew after two years'),
    (76, 76, 76, '2023-04-10', '2025-04-10', 2500.00, 'Paid on time', 'Active', 'Renew after two years'),
    (77, 77, 77, '2023-05-10', '2024-05-10', 2800.00, 'Paid on time', 'Active', 'Renewable yearly'),
    (78, 78, 78, '2023-06-10', '2024-06-10', 2600.00, 'Paid on time', 'Active', 'Renewable yearly'),
    (79, 79, 79, '2023-07-10', '2024-07-10', 2900.00, 'Paid on time', 'Active', 'Renewable yearly'),
    (80, 80, 80, '2023-08-10', '2024-08-10', 2200.00, 'Paid on time', 'Active', 'Renewable yearly'),
    (81, 81, 81, '2023-09-18', '2024-09-18', 3000.00, 'Paid on time', 'Active', 'Renewable yearly'),
    (82, 82, 82, '2023-10-20', '2024-10-20', 2300.00, 'Paid on time', 'Active', 'Renewable yearly'),
    (83, 83, 83, '2023-11-06', '2024-11-06', 3200.00, 'Paid on time', 'Active', 'Renewable yearly'),
    (84, 84, 84, '2023-12-18', '2024-12-18', 2400.00, 'Paid on time', 'Active', 'Renewable yearly'),
    (85, 85, 85, '2023-01-28', '2024-01-28', 3300.00, 'Paid on time', 'Inactive', 'Renewable yearly'),
    (86, 86, 86, '2023-02-18', '2024-02-18', 2500.00, 'Paid on time', 'Inactive', 'Renewable yearly'),
    (87, 87, 87, '2023-03-08', '2024-03-08', 3400.00, 'Paid on time', 'Inactive', 'Renewable yearly'),
    (88, 88, 88, '2023-04-18', '2024-04-18', 2600.00, 'Paid on time', 'Inactive', 'Renewable yearly'),
    (89, 89, 89, '2023-05-19', '2024-05-19', 2900.00, 'Paid on time', 'Active', 'Renewable yearly'),
    (90, 90, 90, '2023-06-18', '2024-06-18', 2700.00, 'Paid on time', 'Active', 'Renewable yearly'),
    (91, 91, 91, '2023-07-01', '2024-07-01', 2800.00, 'Paid on time', 'Active', 'Renewable yearly'),
    (92, 92, 92, '2023-08-18', '2024-08-18', 2100.00, 'Paid on time', 'Active', 'Renewable yearly'),
    (93, 93, 93, '2023-09-08', '2024-09-08', 3000.00, 'Paid on time', 'Active', 'Renewable yearly'),
    (94, 94, 94, '2023-10-16', '2024-10-16', 2300.00, 'Paid on time', 'Active', 'Renewable yearly'),
    (95, 95, 95, '2023-11-18', '2024-11-18', 3200.00, 'Paid on time', 'Active', 'Renewable yearly'),
    (96, 96, 96, '2023-12-15', '2024-12-15', 2400.00, 'Paid on time', 'Active', 'Renewable yearly'),
    (97, 97, 97, '2023-01-09', '2025-01-09', 3300.00, 'Paid on time', 'Active', 'Renew after two years'),
    (98, 98, 98, '2023-02-10', '2025-02-10', 2500.00, 'Paid on time', 'Active', 'Renew after two years'),
    (99, 99, 99, '2023-03-21', '2025-03-21', 3400.00, 'Paid on time', 'Active', 'Renew after two years'),
    (100, 100, 100, '2022-04-01', '2024-04-01', 2600.00, 'Paid on time', 'Inactive', 'Renew after two years');



INSERT INTO Payment (Payment_ID, Lease_ID, Payment_Date, Amount, Payment_Method, Late_Fee)
VALUES
    (11, 11, '2023-11-05', 2800.00, 'Credit Card', NULL),
    (12, 12, '2023-12-05', 2100.00, 'Bank Transfer', NULL),
    (13, 13, '2024-01-05', 3000.00, 'Cash', 500),
    (14, 14, '2024-02-05', 2300.00, 'Cheque', NULL),
    (15, 15, '2024-03-05', 3200.00, 'Credit Card', NULL),
    (16, 16, '2024-04-05', 2400.00, 'Bank Transfer', NULL),
    (17, 17, '2023-05-05', 2700.00, 'Cash', NULL),
    (18, 18, '2023-06-05', 1800.00, 'Cheque', 500),
    (19, 19, '2023-07-05', 1900.00, 'Credit Card', NULL),
    (20, 20, '2023-08-05', 2200.00, 'Bank Transfer', NULL),
    (21, 21, '2023-09-05', 2600.00, 'Cash', NULL),
    (22, 22, '2023-10-05', 2100.00, 'Cheque', 500),
    (23, 23, '2023-11-05', 2300.00, 'Credit Card', NULL),
    (24, 24, '2023-12-05', 2400.00, 'Bank Transfer', NULL),
    (25, 25, '2023-01-05', 2800.00, 'Cash', NULL),
    (26, 26, '2023-02-05', 2200.00, 'Cheque', NULL),
    (27, 27, '2023-03-05', 2500.00, 'Credit Card', NULL),
    (28, 28, '2023-04-05', 2600.00, 'Bank Transfer', NULL),
    (29, 29, '2023-05-05', 2900.00, 'Cash', NULL),
    (30, 30, '2023-06-05', 2300.00, 'Cheque', NULL),
    (31, 31, '2023-07-05', 2400.00, 'Credit Card', NULL),
    (32, 32, '2023-08-05', 2500.00, 'Bank Transfer', 500),
    (33, 33, '2023-09-05', 3000.00, 'Cash', NULL),
    (34, 34, '2023-10-05', 2400.00, 'Cheque', NULL),
    (35, 35, '2023-11-05', 2500.00, 'Credit Card', 500),
    (36, 36, '2023-12-05', 2600.00, 'Bank Transfer', NULL),
    (37, 37, '2023-01-05', 3100.00, 'Cash', 500),
    (38, 38, '2023-02-05', 2500.00, 'Cheque', 500),
    (39, 39, '2023-03-05', 2600.00, 'Credit Card', NULL),
    (40, 40, '2023-04-05', 2700.00, 'Bank Transfer', NULL),
    (41, 41, '2023-05-05', 3200.00, 'Cash', NULL),
    (42, 42, '2023-06-05', 2600.00, 'Cheque', 500),
    (43, 43, '2023-07-05', 2700.00, 'Credit Card', 500),
    (44, 44, '2023-08-05', 2800.00, 'Bank Transfer', NULL),
    (45, 45, '2023-09-05', 3300.00, 'Cash', NULL),
    (46, 46, '2023-10-05', 2700.00, 'Cheque', NULL),
    (47, 47, '2023-11-05', 2800.00, 'Credit Card', NULL),
    (48, 48, '2023-12-05', 2900.00, 'Bank Transfer', NULL),
    (49, 49, '2023-01-05', 3400.00, 'Cash', NULL),
    (50, 50, '2023-02-05', 2800.00, 'Cheque', NULL),
    (51, 51, '2023-03-05', 2900.00, 'Credit Card', NULL),
    (52, 52, '2023-04-05', 3000.00, 'Bank Transfer', NULL),
    (53, 53, '2023-05-05', 3500.00, 'Cash', NULL),
    (54, 54, '2023-06-05', 2900.00, 'Cheque', NULL),
    (55, 55, '2023-07-05', 3000.00, 'Credit Card', 500),
    (56, 56, '2023-08-05', 3100.00, 'Bank Transfer', 500),
    (57, 57, '2023-09-05', 3600.00, 'Cash', 500),
    (58, 58, '2023-10-05', 3000.00, 'Cheque', NULL),
    (59, 59, '2023-11-05', 3100.00, 'Credit Card', NULL),
    (60, 60, '2023-12-05', 3200.00, 'Bank Transfer', NULL),
    (61, 61, '2023-01-05', 3700.00, 'Cash', NULL),
    (62, 62, '2023-02-05', 3100.00, 'Cheque', NULL),
    (63, 63, '2023-03-05', 3200.00, 'Credit Card', NULL),
    (64, 64, '2023-04-05', 3300.00, 'Bank Transfer', NULL),
    (65, 65, '2023-05-05', 3800.00, 'Cash', NULL),
    (66, 66, '2023-06-05', 3200.00, 'Cheque', NULL),
    (67, 67, '2023-07-05', 3300.00, 'Credit Card', NULL),
    (68, 68, '2023-08-05', 3400.00, 'Bank Transfer', NULL),
    (69, 69, '2023-09-05', 3900.00, 'Cash', NULL),
    (70, 70, '2023-10-05', 3300.00, 'Cheque', NULL),
    (71, 71, '2023-11-05', 3400.00, 'Credit Card', NULL),
    (72, 72, '2023-12-05', 3500.00, 'Bank Transfer', NULL),
    (73, 73, '2023-01-05', 4000.00, 'Cash', NULL),
    (74, 74, '2023-02-05', 3400.00, 'Cheque', NULL),
    (75, 75, '2023-03-05', 3500.00, 'Credit Card', NULL),
    (76, 76, '2023-04-05', 3600.00, 'Bank Transfer', NULL),
    (77, 77, '2023-05-05', 4100.00, 'Cash', NULL),
    (78, 78, '2023-06-05', 3500.00, 'Cheque', NULL),
    (79, 79, '2023-07-05', 3600.00, 'Credit Card', NULL),
    (80, 80, '2023-08-05', 3700.00, 'Bank Transfer', NULL),
    (81, 81, '2023-09-05', 4200.00, 'Cash', NULL),
    (82, 82, '2023-10-05', 3600.00, 'Cheque', NULL),
    (83, 83, '2023-11-05', 3700.00, 'Credit Card', NULL),
    (84, 84, '2023-12-05', 3800.00, 'Bank Transfer', NULL),
    (85, 85, '2023-01-05', 4300.00, 'Cash', NULL),
    (86, 86, '2023-02-05', 3700.00, 'Cheque', NULL),
    (87, 87, '2023-03-05', 3800.00, 'Credit Card', NULL),
    (88, 88, '2023-04-05', 3900.00, 'Bank Transfer', NULL),
    (89, 89, '2023-05-05', 4400.00, 'Cash', NULL),
    (90, 90, '2023-06-05', 3800.00, 'Cheque', NULL),
    (91, 91, '2023-07-05', 3900.00, 'Credit Card', NULL),
    (92, 92, '2023-08-05', 4000.00, 'Bank Transfer', NULL),
    (93, 93, '2023-09-05', 4500.00, 'Cash', NULL),
    (94, 94, '2023-10-05', 3900.00, 'Cheque', NULL),
    (95, 95, '2023-11-05', 4000.00, 'Credit Card', NULL),
    (96, 96, '2023-12-05', 4100.00, 'Bank Transfer', NULL),
    (97, 97, '2023-01-05', 4600.00, 'Cash', NULL),
    (98, 98, '2023-02-05', 4000.00, 'Cheque', NULL),
    (99, 99, '2023-03-05', 4100.00, 'Credit Card', NULL),
    (100, 100, '2022-04-05', 4200.00, 'Bank Transfer', NULL);



INSERT INTO Review (Review_ID, Tenant_ID, Property_ID, Rating, Comment, Date)
VALUES
    (11, 11, 11, 4, 'Lovely property, spacious rooms', '2023-11-15'),
    (12, 12, 12, 3, 'Nice location, but noisy neighbors', '2023-12-20'),
    (13, 13, 13, 5, 'Absolutely stunning property, exceeded all expectations', '2024-01-25'),
    (14, 14, 14, 4, 'Cozy and comfortable, great for families', '2024-02-28'),
    (15, 15, 15, 4, 'Good value for money, responsive management', '2024-03-05'),
    (16, 16, 16, 3, 'Average property, could use some renovations', '2024-04-10'),
    (17, 17, 17, 5, 'Exceptional property, luxurious living', '2024-05-15'),
    (18, 18, 18, 4, 'Well-maintained property, beautiful landscaping', '2023-06-20'),
    (19, 19, 19, 3, 'Decent property, needs better maintenance', '2023-07-25'),
    (20, 20, 20, 4, 'Spacious and comfortable, good amenities', '2023-08-30'),
    (21, 21, 21, 5, 'Amazing property, excellent customer service', '2023-09-05'),
    (22, 22, 22, 4, 'Peaceful neighborhood, friendly community', '2023-10-10'),
    (23, 23, 23, 3, 'Fair property, could use some improvements', '2023-11-15'),
    (24, 24, 24, 4, 'Great location, convenient access to amenities', '2023-12-20'),
    (25, 25, 25, 5, 'Absolutely love this property, feels like home', '2023-01-25'),
    (26, 26, 26, 4, 'Comfortable living space, good value for money', '2023-02-28'),
    (27, 27, 27, 3, 'Average property, needs better security measures', '2024-03-05'),
    (28, 28, 28, 5, 'Outstanding property, exceeded all expectations', '2023-04-10'),
    (29, 29, 29, 4, 'Cozy atmosphere, responsive management team', '2023-05-12'),
    (30, 30, 30, 4, 'Good property, convenient location', '2023-06-21'),
    (31, 31, 31, 3, 'Fair property, could use some upgrades', '2023-07-25'),
    (32, 32, 32, 4, 'Nice neighborhood, comfortable living space', '2022-08-30'),
    (33, 33, 33, 5, 'Exceptional property, highly recommended', '2023-09-05'),
    (34, 34, 34, 4, 'Great amenities, friendly neighbors', '2022-10-10'),
    (35, 35, 35, 3, 'Average property, needs better maintenance', '2022-11-15'),
    (36, 36, 36, 4, 'Comfortable living space, good value for money', '2022-12-20'),
    (37, 37, 37, 5, 'Absolutely love this property, feels like home', '2023-01-25'),
    (38, 38, 38, 4, 'Cozy atmosphere, responsive management team', '2024-02-28'),
    (39, 39, 39, 3, 'Fair property, could use some upgrades', '2023-03-05'),
    (40, 40, 40, 4, 'Nice neighborhood, comfortable living space', '2024-04-10'),
    (41, 41, 41, 5, 'Exceptional property, highly recommended', '2023-05-15'),
    (42, 42, 42, 4, 'Great amenities, friendly neighbors', '2023-06-20'),
    (43, 43, 43, 3, 'Average property, needs better maintenance', '2023-07-25'),
    (44, 44, 44, 4, 'Comfortable living space, good value for money', '2023-08-30'),
    (45, 45, 45, 5, 'Absolutely love this property, feels like home', '2022-09-05'),
    (46, 46, 46, 4, 'Cozy atmosphere, responsive management team', '2023-10-10'),
    (47, 47, 47, 3, 'Fair property, could use some upgrades', '2022-11-15'),
    (48, 48, 48, 4, 'Nice neighborhood, comfortable living space', '2022-12-20'),
    (49, 49, 49, 5, 'Exceptional property, highly recommended', '2024-01-25'),
    (50, 50, 50, 4, 'Great amenities, friendly neighbors', '2023-02-28'),
    (51, 51, 51, 3, 'Average property, needs better maintenance', '2023-03-05'),
    (52, 52, 52, 4, 'Comfortable living space, good value for money', '2024-04-10'),
    (53, 53, 53, 5, 'Absolutely love this property, feels like home', '2023-05-15'),
    (54, 54, 54, 4, 'Cozy atmosphere, responsive management team', '2023-06-20'),
    (55, 55, 55, 3, 'Fair property, could use some upgrades', '2023-07-25'),
    (56, 56, 56, 4, 'Nice neighborhood, comfortable living space', '2022-08-30'),
    (57, 57, 57, 5, 'Exceptional property, highly recommended', '2023-09-05'),
    (58, 58, 58, 4, 'Great amenities, friendly neighbors', '2023-10-10'),
    (59, 59, 59, 3, 'Average property, needs better maintenance', '2023-11-15'),
    (60, 60, 60, 4, 'Comfortable living space, good value for money', '2023-12-20'),
    (61, 61, 61, 5, 'Absolutely love this property, feels like home', '2023-01-25'),
    (62, 62, 62, 4, 'Cozy atmosphere, responsive management team', '2024-02-28'),
    (63, 63, 63, 3, 'Fair property, could use some upgrades', '2024-03-05'),
    (64, 64, 64, 4, 'Nice neighborhood, comfortable living space', '2022-04-10'),
    (65, 65, 65, 5, 'Exceptional property, highly recommended', '2023-05-15'),
    (66, 66, 66, 4, 'Great amenities, friendly neighbors', '2023-06-20'),
    (67, 67, 67, 3, 'Average property, needs better maintenance', '2023-07-25'),
    (68, 68, 68, 4, 'Comfortable living space, good value for money', '2022-08-30'),
    (69, 69, 69, 5, 'Absolutely love this property, feels like home', '2022-09-05'),
    (70, 70, 70, 4, 'Cozy atmosphere, responsive management team', '2022-10-10'),
    (71, 71, 71, 3, 'Fair property, could use some upgrades', '2022-11-15'),
    (72, 72, 72, 4, 'Nice neighborhood, comfortable living space', '2023-12-20'),
    (73, 73, 73, 5, 'Exceptional property, highly recommended', '2024-01-25'),
    (74, 74, 74, 4, 'Great amenities, friendly neighbors', '2024-02-28'),
    (75, 75, 75, 3, 'Average property, needs better maintenance', '2023-03-05'),
    (76, 76, 76, 4, 'Comfortable living space, good value for money', '2023-04-10'),
    (77, 77, 77, 5, 'Absolutely love this property, feels like home', '2022-05-15'),
    (78, 78, 78, 4, 'Cozy atmosphere, responsive management team', '2021-06-20'),
    (79, 79, 79, 3, 'Fair property, could use some upgrades', '2023-07-25'),
    (80, 80, 80, 4, 'Nice neighborhood, comfortable living space', '2023-08-30'),
    (81, 81, 81, 5, 'Exceptional property, highly recommended', '2029-09-05'),
    (82, 82, 82, 4, 'Great amenities, friendly neighbors', '2022-10-10'),
    (83, 83, 83, 3, 'Average property, needs better maintenance', '2022-11-05'),
    (84, 84, 84, 4, 'Comfortable living space, good value for money', '2023-12-20'),
    (85, 85, 85, 5, 'Absolutely love this property, feels like home', '2022-01-25'),
    (86, 86, 86, 4, 'Cozy atmosphere, responsive management team', '2023-02-28'),
    (87, 87, 87, 3, 'Fair property, could use some upgrades', '2024-03-05'),
    (88, 88, 88, 4, 'Nice neighborhood, comfortable living space', '2021-04-10'),
    (89, 89, 89, 5, 'Exceptional property, highly recommended', '2023-05-15'),
    (90, 90, 90, 4, 'Great amenities, friendly neighbors', '2023-06-20'),
    (91, 91, 91, 3, 'Average property, needs better maintenance', '2023-07-25'),
    (92, 92, 92, 4, 'Comfortable living space, good value for money', '2023-08-30'),
    (93, 93, 93, 5, 'Absolutely love this property, feels like home', '2023-09-05'),
    (94, 94, 94, 4, 'Cozy atmosphere, responsive management team', '2022-10-10'),
    (95, 95, 95, 3, 'Fair property, could use some upgrades', '2022-11-15'),
    (96, 96, 96, 4, 'Nice neighborhood, comfortable living space', '2022-12-20'),
    (97, 97, 97, 5, 'Exceptional property, highly recommended', '2023-01-25'),
    (98, 98, 98, 4, 'Great amenities, friendly neighbors', '2024-02-28'),
    (99, 99, 99, 3, 'Average property, needs better maintenance', '2024-03-05'),
    (100, 100, 100, 4, 'Comfortable living space, good value for money', '2024-04-10');



INSERT INTO InsurancePolicy (Policy_ID, Property_ID, Coverage_Amount, Premium, Expiry_Date, Coverage_Type)
VALUES
    (11, 11, 550000.00, 2100.00, '2023-12-31', 'Property'),
    (12, 12, 320000.00, 1600.00, '2023-12-31', 'Property'),
    (13, 13, 480000.00, 2000.00, '2023-12-31', 'Property'),
    (14, 14, 370000.00, 1800.00, '2023-12-31', 'Property'),
    (15, 15, 550000.00, 2200.00, '2023-12-31', 'Property'),
    (16, 16, 320000.00, 1500.00, '2023-12-31', 'Property'),
    (17, 17, 480000.00, 1900.00, '2023-12-31', 'Property'),
    (18, 18, 370000.00, 1700.00, '2023-12-31', 'Property'),
    (19, 19, 550000.00, 2100.00, '2023-12-31', 'Property'),
    (20, 20, 320000.00, 1600.00, '2023-12-31', 'Property'),
    (21, 21, 480000.00, 2000.00, '2023-12-31', 'Property'),
    (22, 22, 370000.00, 1800.00, '2023-12-31', 'Property'),
    (23, 23, 550000.00, 2200.00, '2023-12-31', 'Property'),
    (24, 24, 320000.00, 1500.00, '2023-12-31', 'Property'),
    (25, 25, 480000.00, 1900.00, '2023-12-31', 'Property'),
    (26, 26, 370000.00, 1700.00, '2023-12-31', 'Property'),
    (27, 27, 550000.00, 2100.00, '2023-12-31', 'Property'),
    (28, 28, 320000.00, 1600.00, '2023-12-31', 'Property'),
    (29, 29, 480000.00, 2000.00, '2023-12-31', 'Property'),
    (30, 30, 370000.00, 1800.00, '2023-12-31', 'Property'),
    (31, 31, 550000.00, 2200.00, '2023-12-31', 'Property'),
    (32, 32, 320000.00, 1500.00, '2023-12-31', 'Property'),
    (33, 33, 480000.00, 1900.00, '2023-12-31', 'Property'),
    (34, 34, 370000.00, 1700.00, '2023-12-31', 'Property'),
    (35, 35, 550000.00, 2100.00, '2023-12-31', 'Property'),
    (36, 36, 320000.00, 1600.00, '2023-12-31', 'Property'),
    (37, 37, 480000.00, 2000.00, '2023-12-31', 'Property'),
    (38, 38, 370000.00, 1800.00, '2023-12-31', 'Property'),
    (39, 39, 550000.00, 2200.00, '2023-12-31', 'Property'),
    (40, 40, 320000.00, 1500.00, '2023-12-31', 'Property'),
    (41, 41, 480000.00, 1900.00, '2023-12-31', 'Property'),
    (42, 42, 370000.00, 1700.00, '2023-12-31', 'Property'),
    (43, 43, 550000.00, 2100.00, '2023-12-31', 'Property'),
    (44, 44, 320000.00, 1600.00, '2023-12-31', 'Property'),
    (45, 45, 480000.00, 2000.00, '2023-12-31', 'Property'),
    (46, 46, 370000.00, 1800.00, '2023-12-31', 'Property'),
    (47, 47, 550000.00, 2200.00, '2023-12-31', 'Property'),
    (48, 48, 320000.00, 1500.00, '2023-12-31', 'Property'),
    (49, 49, 480000.00, 1900.00, '2023-12-31', 'Property'),
    (50, 50, 370000.00, 1700.00, '2023-12-31', 'Property'),
    (51, 51, 550000.00, 2100.00, '2024-12-31', 'Property'),
    (52, 52, 320000.00, 1600.00, '2024-12-31', 'Property'),
    (53, 53, 480000.00, 2000.00, '2024-12-31', 'Property'),
    (54, 54, 370000.00, 1800.00, '2024-12-31', 'Property'),
    (55, 55, 550000.00, 2200.00, '2024-12-31', 'Property'),
    (56, 56, 320000.00, 1500.00, '2024-12-31', 'Property'),
    (57, 57, 480000.00, 1900.00, '2024-12-31', 'Property'),
    (58, 58, 370000.00, 1700.00, '2024-12-31', 'Property'),
    (59, 59, 550000.00, 2100.00, '2024-12-31', 'Property'),
    (60, 60, 320000.00, 1600.00, '2024-12-31', 'Property'),
    (61, 61, 480000.00, 2000.00, '2024-12-31', 'Property'),
    (62, 62, 370000.00, 1800.00, '2024-12-31', 'Property'),
    (63, 63, 550000.00, 2200.00, '2024-12-31', 'Property'),
    (64, 64, 320000.00, 1500.00, '2024-12-31', 'Property'),
    (65, 65, 480000.00, 1900.00, '2024-12-31', 'Property'),
    (66, 66, 370000.00, 1700.00, '2024-12-31', 'Property'),
    (67, 67, 550000.00, 2100.00, '2024-12-31', 'Property'),
    (68, 68, 320000.00, 1600.00, '2024-12-31', 'Property'),
    (69, 69, 480000.00, 2000.00, '2024-12-31', 'Property'),
    (70, 70, 370000.00, 1800.00, '2024-12-31', 'Property'),
    (71, 71, 550000.00, 2200.00, '2024-12-31', 'Property'),
    (72, 72, 320000.00, 1500.00, '2024-12-31', 'Property'),
    (73, 73, 480000.00, 1900.00, '2024-12-31', 'Property'),
    (74, 74, 370000.00, 1700.00, '2024-12-31', 'Property'),
    (75, 75, 550000.00, 2100.00, '2024-12-31', 'Property'),
    (76, 76, 320000.00, 1600.00, '2024-12-31', 'Property'),
    (77, 77, 480000.00, 2000.00, '2024-12-31', 'Property'),
    (78, 78, 370000.00, 1800.00, '2024-12-31', 'Property'),
    (79, 79, 550000.00, 2200.00, '2024-12-31', 'Property'),
    (80, 80, 320000.00, 1500.00, '2024-12-31', 'Property'),
    (81, 81, 480000.00, 1900.00, '2024-12-31', 'Property'),
    (82, 82, 370000.00, 1700.00, '2024-12-31', 'Property'),
    (83, 83, 550000.00, 2100.00, '2024-12-31', 'Property'),
    (84, 84, 320000.00, 1600.00, '2024-12-31', 'Property'),
    (85, 85, 480000.00, 2000.00, '2024-12-31', 'Property'),
    (86, 86, 370000.00, 1800.00, '2024-12-31', 'Property'),
    (87, 87, 550000.00, 2200.00, '2024-12-31', 'Property'),
    (88, 88, 320000.00, 1500.00, '2024-12-31', 'Property'),
    (89, 89, 480000.00, 1900.00, '2024-12-31', 'Property'),
    (90, 90, 370000.00, 1700.00, '2024-12-31', 'Property'),
    (91, 91, 550000.00, 2100.00, '2024-12-31', 'Property'),
    (92, 92, 320000.00, 1600.00, '2024-12-31', 'Property'),
    (93, 93, 480000.00, 2000.00, '2024-12-31', 'Property'),
    (94, 94, 370000.00, 1800.00, '2024-12-31', 'Property'),
    (95, 95, 550000.00, 2200.00, '2024-12-31', 'Property'),
    (96, 96, 320000.00, 1500.00, '2024-12-31', 'Property'),
    (97, 97, 480000.00, 1900.00, '2024-12-31', 'Property'),
    (98, 98, 370000.00, 1700.00, '2024-12-31', 'Property'),
    (99, 99, 550000.00, 2100.00, '2024-12-31', 'Property'),
    (100, 100, 320000.00, 1600.00, '2025-12-31', 'Property'),
    (101, 101, 550000.00, 2100.00, '2025-12-31', 'Property'),
    (102, 102, 320000.00, 1600.00, '2025-12-31', 'Property'),
    (103, 103, 480000.00, 2000.00, '2025-12-31', 'Property'),
    (104, 104, 370000.00, 1800.00, '2025-12-31', 'Property'),
    (105, 105, 550000.00, 2200.00, '2025-12-31', 'Property'),
    (106, 106, 320000.00, 1500.00, '2025-12-31', 'Property'),
    (107, 107, 480000.00, 1900.00, '2025-12-31', 'Property'),
    (108, 108, 370000.00, 1700.00, '2025-12-31', 'Property'),
    (109, 109, 550000.00, 2100.00, '2025-12-31', 'Property'),
    (110, 110, 320000.00, 1600.00, '2025-12-31', 'Property'),
    (111, 111, 480000.00, 2000.00, '2025-12-31', 'Property'),
    (112, 112, 370000.00, 1800.00, '2025-12-31', 'Property'),
    (113, 113, 550000.00, 2200.00, '2025-12-31', 'Property'),
    (114, 114, 320000.00, 1500.00, '2025-12-31', 'Property'),
    (115, 115, 480000.00, 1900.00, '2025-12-31', 'Property'),
    (116, 116, 370000.00, 1700.00, '2025-12-31', 'Property'),
    (117, 117, 550000.00, 2100.00, '2025-12-31', 'Property'),
    (118, 118, 320000.00, 1600.00, '2025-12-31', 'Property'),
    (119, 119, 480000.00, 2000.00, '2025-12-31', 'Property'),
    (120, 120, 370000.00, 1800.00, '2025-12-31', 'Property'),
    (121, 121, 550000.00, 2200.00, '2025-12-31', 'Property'),
    (122, 122, 320000.00, 1500.00, '2025-12-31', 'Property'),
    (123, 123, 480000.00, 1900.00, '2025-12-31', 'Property'),
    (124, 124, 370000.00, 1700.00, '2025-12-31', 'Property'),
    (125, 125, 550000.00, 2100.00, '2025-12-31', 'Property'),
    (126, 126, 320000.00, 1600.00, '2025-12-31', 'Property'),
    (127, 127, 480000.00, 2000.00, '2025-12-31', 'Property'),
    (128, 128, 370000.00, 1800.00, '2025-12-31', 'Property'),
    (129, 129, 550000.00, 2200.00, '2025-12-31', 'Property'),
    (130, 130, 320000.00, 1500.00, '2025-12-31', 'Property'),
    (131, 131, 480000.00, 1900.00, '2025-12-31', 'Property'),
    (132, 132, 370000.00, 1700.00, '2025-12-31', 'Property'),
    (133, 133, 550000.00, 2100.00, '2025-12-31', 'Property'),
    (134, 134, 320000.00, 1600.00, '2025-12-31', 'Property'),
    (135, 135, 480000.00, 2000.00, '2025-12-31', 'Property'),
    (136, 136, 370000.00, 1800.00, '2025-12-31', 'Property'),
    (137, 137, 550000.00, 2200.00, '2025-12-31', 'Property'),
    (138, 138, 320000.00, 1500.00, '2025-12-31', 'Property'),
    (139, 139, 480000.00, 1900.00, '2025-12-31', 'Property'),
    (140, 140, 370000.00, 1700.00, '2025-12-31', 'Property'),
    (141, 141, 550000.00, 2100.00, '2025-12-31', 'Property'),
    (142, 142, 320000.00, 1600.00, '2025-12-31', 'Property'),
    (143, 143, 480000.00, 2000.00, '2025-12-31', 'Property'),
    (144, 144, 370000.00, 1800.00, '2025-12-31', 'Property'),
    (145, 145, 550000.00, 2200.00, '2025-12-31', 'Property'),
    (146, 146, 320000.00, 1500.00, '2025-12-31', 'Property'),
    (147, 147, 480000.00, 1900.00, '2025-12-31', 'Property'),
    (148, 148, 370000.00, 1700.00, '2025-12-31', 'Property'),
    (149, 149, 550000.00, 2100.00, '2025-12-31', 'Property'),
    (150, 150, 320000.00, 1600.00, '2025-12-31', 'Property'),
    (151, 151, 480000.00, 2000.00, '2026-12-31', 'Property'),
    (152, 152, 370000.00, 1800.00, '2026-12-31', 'Property'),
    (153, 153, 550000.00, 2200.00, '2026-12-31', 'Property'),
    (154, 154, 320000.00, 1500.00, '2026-12-31', 'Property'),
    (155, 155, 480000.00, 1900.00, '2026-12-31', 'Property'),
    (156, 156, 370000.00, 1700.00, '2026-12-31', 'Property'),
    (157, 157, 550000.00, 2100.00, '2026-12-31', 'Property'),
    (158, 158, 320000.00, 1600.00, '2026-12-31', 'Property'),
    (159, 159, 480000.00, 2000.00, '2026-12-31', 'Property'),
    (160, 160, 370000.00, 1800.00, '2026-12-31', 'Property'),
    (161, 161, 550000.00, 2200.00, '2026-12-31', 'Property'),
    (162, 162, 320000.00, 1500.00, '2026-12-31', 'Property'),
    (163, 163, 480000.00, 1900.00, '2026-12-31', 'Property'),
    (164, 164, 370000.00, 1700.00, '2026-12-31', 'Property'),
    (165, 165, 550000.00, 2100.00, '2026-12-31', 'Property'),
    (166, 166, 320000.00, 1600.00, '2026-12-31', 'Property'),
    (167, 167, 480000.00, 2000.00, '2026-12-31', 'Property'),
    (168, 168, 370000.00, 1800.00, '2026-12-31', 'Property'),
    (169, 169, 550000.00, 2200.00, '2026-12-31', 'Property'),
    (170, 170, 320000.00, 1500.00, '2026-12-31', 'Property'),
    (171, 171, 480000.00, 1900.00, '2026-12-31', 'Property'),
    (172, 172, 370000.00, 1700.00, '2026-12-31', 'Property'),
    (173, 173, 550000.00, 2100.00, '2026-12-31', 'Property'),
    (174, 174, 320000.00, 1600.00, '2026-12-31', 'Property'),
    (175, 175, 480000.00, 2000.00, '2026-12-31', 'Property'),
    (176, 176, 370000.00, 1800.00, '2026-12-31', 'Property'),
    (177, 177, 550000.00, 2200.00, '2026-12-31', 'Property'),
    (178, 178, 320000.00, 1500.00, '2026-12-31', 'Property'),
    (179, 179, 480000.00, 1900.00, '2026-12-31', 'Property'),
    (180, 180, 370000.00, 1700.00, '2026-12-31', 'Property'),
    (181, 181, 550000.00, 2100.00, '2026-12-31', 'Property'),
    (182, 182, 320000.00, 1600.00, '2026-12-31', 'Property'),
    (183, 183, 480000.00, 2000.00, '2026-12-31', 'Property'),
    (184, 184, 370000.00, 1800.00, '2026-12-31', 'Property'),
    (185, 185, 550000.00, 2200.00, '2026-12-31', 'Property'),
    (186, 186, 320000.00, 1500.00, '2026-12-31', 'Property'),
    (187, 187, 480000.00, 1900.00, '2026-12-31', 'Property'),
    (188, 188, 370000.00, 1700.00, '2026-12-31', 'Property'),
    (189, 189, 550000.00, 2100.00, '2026-12-31', 'Property'),
    (190, 190, 320000.00, 1600.00, '2026-12-31', 'Property'),
    (191, 191, 480000.00, 2000.00, '2026-12-31', 'Property'),
    (192, 192, 370000.00, 1800.00, '2026-12-31', 'Property'),
    (193, 193, 550000.00, 2200.00, '2026-12-31', 'Property'),
    (194, 194, 320000.00, 1500.00, '2026-12-31', 'Property'),
    (195, 195, 480000.00, 1900.00, '2026-12-31', 'Property'),
    (196, 196, 370000.00, 1700.00, '2026-12-31', 'Property'),
    (197, 197, 550000.00, 2100.00, '2026-12-31', 'Property'),
    (198, 198, 320000.00, 1600.00, '2026-12-31', 'Property'),
    (199, 199, 480000.00, 2000.00, '2026-12-31', 'Property'),
    (200, 200, 370000.00, 1800.00, '2026-12-31', 'Property');
